time;open;high;low;close
24/01/2014;8140;8350;7930;8060
24/01/2014;8140;8350;7930;8060
24/01/2014;8140;8350;7930;8060
24/01/2014;8140;8350;7930;8060
24/01/2014;8140;8350;7930;8060
24/01/2014;8140;8350;7930;8060
24/01/2014;8140;8350;7930;8060
24/01/2014;8140;8350;7930;8060
24/01/2014;8140;8350;7930;8060
24/01/2014;8140;8350;7930;8060
24/01/2014;8140;8350;7930;8060
24/01/2014;8140;8350;7930;8060
24/01/2014;8140;8350;7930;8060
24/01/2014;8140;8350;7930;8060
24/01/2014;8140;8350;7930;8060
27/01/2014;8010;8060;7760;7880
06/02/2014;7800;7840;7540;7540
07/02/2014;7460;7500;7070;7110
10/02/2014;7070;7370;6940;7280
11/02/2014;7370;7370;7240;7240
12/02/2014;7200;7240;7160;7200
13/02/2014;7200;7240;7110;7110
14/02/2014;7200;7280;7110;7200
17/02/2014;7240;7240;7110;7160
18/02/2014;7160;7160;7110;7110
19/02/2014;7160;7200;7070;7110
20/02/2014;7160;7370;7110;7240
21/02/2014;7200;7200;7160;7160
24/02/2014;7200;7200;7110;7160
25/02/2014;7110;7160;7070;7160
26/02/2014;7160;7240;7110;7160
27/02/2014;7160;7460;7160;7240
28/02/2014;7200;7280;7200;7280
03/03/2014;7240;7280;7160;7160
04/03/2014;7110;7160;7070;7110
05/03/2014;7160;7200;7110;7110
06/03/2014;7110;7160;7070;7110
07/03/2014;7110;7160;7110;7110
10/03/2014;7110;7200;7110;7160
11/03/2014;7110;7160;7110;7110
12/03/2014;7110;7160;7070;7070
13/03/2014;7110;7110;7030;7070
14/03/2014;7110;7160;7030;7110
17/03/2014;7110;7160;7070;7110
18/03/2014;7110;7240;7070;7200
19/03/2014;7240;7460;7240;7460
20/03/2014;7500;7710;7500;7580
21/03/2014;7500;7630;7500;7500
24/03/2014;7580;7710;7540;7540
25/03/2014;7580;7580;7370;7370
26/03/2014;7410;7410;7160;7200
27/03/2014;7240;7240;7160;7200
28/03/2014;7200;7280;7200;7280
31/03/2014;7330;7330;7200;7200
01/04/2014;7240;7240;7110;7160
02/04/2014;7160;7200;7070;7160
03/04/2014;7160;7240;7110;7200
04/04/2014;7240;7240;7160;7240
07/04/2014;7200;7240;7160;7200
08/04/2014;7200;7240;7160;7160
10/04/2014;7160;7200;7160;7160
11/04/2014;7110;7160;7070;7110
14/04/2014;7160;7200;7110;7160
15/04/2014;7110;7160;7070;7070
16/04/2014;7070;7070;6770;6860
17/04/2014;6860;7030;6860;6900
18/04/2014;6900;6940;6810;6810
21/04/2014;6810;6810;6600;6640
22/04/2014;6600;6770;6560;6770
23/04/2014;6810;6810;6680;6770
24/04/2014;6730;6810;6730;6810
25/04/2014;6730;6860;6730;6730
28/04/2014;6730;6770;6680;6730
29/04/2014;6730;6770;6730;6770
05/05/2014;6810;6810;6640;6680
06/05/2014;6640;6680;6470;6510
07/05/2014;6510;6680;6510;6640
08/05/2014;6560;6560;6210;6260
09/05/2014;6170;6340;6170;6340
12/05/2014;6300;6300;5910;6000
13/05/2014;5780;6080;5780;6040
14/05/2014;6000;6340;6000;6300
15/05/2014;6340;6340;5960;6080
16/05/2014;6080;6260;6040;6260
19/05/2014;6170;6300;6170;6210
20/05/2014;6210;6300;6170;6300
21/05/2014;6260;6430;6170;6380
22/05/2014;6380;6380;6260;6260
23/05/2014;6300;6300;6210;6300
26/05/2014;6210;6300;6210;6260
27/05/2014;6260;6430;6260;6430
28/05/2014;6430;6430;6340;6380
29/05/2014;6340;6430;6340;6380
30/05/2014;6340;6380;6300;6340
02/06/2014;6340;6340;6210;6260
03/06/2014;6210;6300;6210;6210
04/06/2014;6210;6260;6130;6210
05/06/2014;6210;6210;6130;6210
06/06/2014;6170;6260;6170;6260
09/06/2014;6260;6300;6170;6210
10/06/2014;6210;6340;6170;6300
11/06/2014;6300;6300;6210;6300
12/06/2014;6300;6380;6300;6380
13/06/2014;6340;6430;6300;6380
16/06/2014;6380;6430;6340;6380
17/06/2014;6380;6430;6340;6380
18/06/2014;6380;6430;6340;6380
19/06/2014;6340;6380;6260;6380
20/06/2014;6340;6380;6300;6300
23/06/2014;6300;6380;6300;6380
24/06/2014;6340;6430;6340;6430
25/06/2014;6380;6430;6340;6430
26/06/2014;6380;6560;6340;6470
27/06/2014;6430;6510;6430;6510
30/06/2014;6510;6510;6430;6510
01/07/2014;6470;6470;6430;6470
02/07/2014;6470;6560;6430;6510
03/07/2014;6510;6560;6470;6510
04/07/2014;6510;6510;6470;6510
07/07/2014;6470;6510;6430;6430
08/07/2014;6430;6470;6340;6340
09/07/2014;6380;6470;6340;6430
10/07/2014;6430;6430;6340;6340
11/07/2014;6380;6380;6340;6380
14/07/2014;6340;6380;6300;6340
15/07/2014;6340;6380;6300;6380
16/07/2014;6430;6430;6380;6380
17/07/2014;6380;6430;6340;6380
18/07/2014;6430;6430;6380;6430
21/07/2014;6380;6430;6340;6380
22/07/2014;6340;6380;6300;6340
23/07/2014;6380;6380;6300;6300
24/07/2014;6300;6380;6300;6340
25/07/2014;6340;6730;6340;6560
28/07/2014;6560;6600;6470;6560
29/07/2014;6600;6600;6470;6470
30/07/2014;6470;6600;6430;6510
31/07/2014;6510;6560;6470;6510
01/08/2014;6510;6600;6510;6560
04/08/2014;6560;6770;6560;6730
05/08/2014;6730;6770;6680;6730
06/08/2014;6730;6730;6640;6680
07/08/2014;6640;6730;6640;6680
08/08/2014;6800;6800;6620;6710
11/08/2014;6660;6710;6570;6570
12/08/2014;6570;6570;6480;6520
13/08/2014;6480;6570;6430;6570
14/08/2014;6520;6620;6480;6480
15/08/2014;6520;6520;6430;6430
18/08/2014;6390;6430;6250;6300
19/08/2014;6300;6340;6300;6300
20/08/2014;6300;6340;6300;6340
21/08/2014;6390;6430;6300;6430
22/08/2014;6430;6430;6300;6300
25/08/2014;6340;6340;6300;6300
26/08/2014;6340;6390;6300;6390
27/08/2014;6390;6390;6300;6300
28/08/2014;6300;6340;6300;6340
29/08/2014;6340;6750;6300;6750
03/09/2014;6750;6840;6620;6660
04/09/2014;6620;6710;6520;6570
05/09/2014;6520;6570;6430;6520
08/09/2014;6520;6520;6430;6430
09/09/2014;6430;6480;6340;6430
10/09/2014;6390;6430;6340;6390
11/09/2014;6430;6430;6340;6390
12/09/2014;6390;6430;6340;6390
15/09/2014;6390;6430;6300;6340
16/09/2014;6340;6340;6250;6300
17/09/2014;6300;6340;6250;6300
18/09/2014;6340;6340;6250;6300
19/09/2014;6300;6340;6250;6300
22/09/2014;6300;6340;6250;6250
23/09/2014;6250;6300;6210;6250
24/09/2014;6250;6300;6210;6210
25/09/2014;6250;6340;6210;6300
26/09/2014;6300;6340;6250;6250
29/09/2014;6250;6340;6250;6300
30/09/2014;6300;6300;6210;6250
01/10/2014;6250;6300;6250;6250
02/10/2014;6250;6300;6250;6300
03/10/2014;6300;6340;6250;6300
06/10/2014;6300;6300;6250;6300
07/10/2014;6300;6300;6250;6250
08/10/2014;6250;6250;6160;6210
09/10/2014;6210;6250;6160;6210
10/10/2014;6210;6210;6160;6160
13/10/2014;6210;6210;6070;6120
14/10/2014;6160;6160;6030;6030
15/10/2014;6030;6070;5980;6030
16/10/2014;6030;6070;5940;5940
17/10/2014;5940;5980;5840;5940
20/10/2014;5980;5980;5890;5980
21/10/2014;5940;5980;5940;5980
22/10/2014;5980;6030;5940;5980
23/10/2014;5980;5980;5890;5940
24/10/2014;5890;5980;5890;5890
27/10/2014;5840;5890;5710;5710
28/10/2014;5710;5760;5710;5760
29/10/2014;5760;5840;5760;5800
30/10/2014;5840;5840;5760;5800
31/10/2014;5800;6120;5760;6120
03/11/2014;6070;6120;5980;5980
04/11/2014;5980;5980;5890;5890
05/11/2014;5890;5940;5840;5840
06/11/2014;5890;5980;5890;5940
07/11/2014;5940;5980;5890;5940
10/11/2014;5940;5980;5940;5940
11/11/2014;5940;5980;5890;5890
12/11/2014;5940;5940;5890;5890
13/11/2014;5940;5980;5890;5980
14/11/2014;5980;5980;5890;5890
17/11/2014;5980;5980;5890;5980
18/11/2014;5890;5980;5890;5940
19/11/2014;5890;5940;5890;5940
20/11/2014;5940;5940;5890;5890
21/11/2014;5890;5940;5890;5890
24/11/2014;5890;5890;5800;5840
25/11/2014;5840;5890;5840;5840
26/11/2014;5840;5890;5800;5800
27/11/2014;5800;5800;5710;5760
27/11/2014;5800;5800;5710;5760
28/11/2014;5760;5800;5760;5760
01/12/2014;5760;5840;5760;5840
02/12/2014;5840;5940;5760;5940
03/12/2014;5890;5940;5840;5940
04/12/2014;5940;6160;5890;6030
05/12/2014;6030;6120;5980;6070
08/12/2014;6070;6070;5980;5980
09/12/2014;5980;5980;5800;5840
10/12/2014;5840;5980;5760;5890
11/12/2014;5890;5980;5840;5940
12/12/2014;5940;6030;5940;5940
15/12/2014;5940;5980;5940;5940
16/12/2014;5890;5940;5840;5840
17/12/2014;5800;5890;5660;5760
18/12/2014;5800;5840;5760;5840
19/12/2014;5840;5890;5760;5840
22/12/2014;5840;5980;5840;5940
23/12/2014;5940;5980;5890;5940
24/12/2014;5890;5940;5840;5890
25/12/2014;5840;5890;5800;5890
26/12/2014;5890;5890;5800;5800
29/12/2014;5840;5890;5760;5760
30/12/2014;5760;5840;5760;5840
31/12/2014;5840;5940;5760;5760
05/01/2015;5840;5890;5840;5840
06/01/2015;5800;6030;5800;5980
07/01/2015;5980;6160;5940;6160
08/01/2015;6160;6250;6070;6160
09/01/2015;6160;6570;6160;6570
12/01/2015;6800;7020;6750;7020
13/01/2015;7070;7480;7070;7430
14/01/2015;7340;7660;7200;7390
15/01/2015;7390;7660;7390;7430
16/01/2015;7480;7570;7340;7340
19/01/2015;7480;7610;7340;7430
20/01/2015;7390;7430;7250;7340
21/01/2015;7340;7390;7110;7110
22/01/2015;7110;7570;6980;7570
23/01/2015;7790;8020;7750;7880
26/01/2015;7880;7980;7790;7880
27/01/2015;7840;8160;7750;7880
28/01/2015;7880;8430;7880;8430
29/01/2015;8380;8520;8109;8250
30/01/2015;8160;8200;7880;7930
02/02/2015;7880;8020;7790;7790
03/02/2015;7930;7930;7250;7250
04/02/2015;7110;7200;6840;7110
05/02/2015;7160;7480;7160;7430
06/02/2015;7480;7880;7390;7880
09/02/2015;7790;8020;7750;7840
10/02/2015;8070;8200;7980;8109
11/02/2015;8070;8250;8020;8200
12/02/2015;8200;8250;7930;8070
13/02/2015;8070;8200;7930;8070
24/02/2015;8200;8430;8160;8380
25/02/2015;8520;8700;8340;8380
26/02/2015;8380;8610;8380;8560
27/02/2015;8560;8650;8380;8430
02/03/2015;8340;8470;8290;8380
03/03/2015;8380;8520;8380;8430
04/03/2015;8430;8470;8290;8430
05/03/2015;8430;8470;8200;8200
06/03/2015;8160;8470;8109;8380
09/03/2015;8380;8430;8160;8200
10/03/2015;8160;8340;8160;8290
11/03/2015;8200;8430;8200;8290
12/03/2015;8290;8380;8290;8340
13/03/2015;8380;8520;8380;8430
16/03/2015;8380;8430;8290;8290
17/03/2015;8290;8380;8250;8290
18/03/2015;8250;8290;8109;8160
19/03/2015;8200;8250;7980;8020
20/03/2015;7980;8160;7980;8109
23/03/2015;8109;8200;7790;7840
24/03/2015;7750;7790;7570;7790
25/03/2015;7840;7980;7750;7880
26/03/2015;7790;8160;7790;8070
27/03/2015;8109;8160;7980;8020
30/03/2015;8020;8070;7840;7840
31/03/2015;7750;8070;7750;7980
01/04/2015;7980;8020;7840;7840
02/04/2015;7930;8109;7840;8109
03/04/2015;8109;8160;8020;8070
06/04/2015;8070;8109;8020;8070
07/04/2015;8020;8340;8020;8340
08/04/2015;8340;8430;8290;8380
09/04/2015;8340;8560;8340;8560
10/04/2015;8520;8740;8520;8610
13/04/2015;8610;8700;8470;8610
14/04/2015;8610;8790;8560;8610
15/04/2015;8520;8650;8520;8610
16/04/2015;8610;8930;8610;8880
17/04/2015;8880;8970;8740;8740
20/04/2015;8700;8740;8610;8650
21/04/2015;8610;8740;8520;8520
22/04/2015;8520;8610;8340;8430
23/04/2015;8470;8520;8340;8430
24/04/2015;8470;8610;8470;8610
27/04/2015;8610;8700;8520;8520
04/05/2015;8520;8520;7930;7930
05/05/2015;8020;8200;7750;8160
06/05/2015;8160;8250;7980;8070
07/05/2015;7980;8380;7980;8340
08/05/2015;8540;8640;8400;8590
11/05/2015;8590;8640;8490;8490
12/05/2015;8490;8540;8200;8400
13/05/2015;8400;8440;8150;8300
14/05/2015;8300;8490;8200;8400
15/05/2015;8440;8490;8300;8300
18/05/2015;8300;8350;8150;8200
19/05/2015;8300;8350;8200;8300
20/05/2015;8300;8590;8300;8540
21/05/2015;8590;8680;8540;8540
22/05/2015;8540;8830;8540;8780
25/05/2015;8730;8970;8730;8920
26/05/2015;8920;9260;8880;9210
27/05/2015;9160;9550;9110;9350
28/05/2015;9400;9930;9310;9740
29/05/2015;9690;9930;9590;9690
01/06/2015;9690;10360;9550;10030
02/06/2015;10030;10510;9830;9880
03/06/2015;9930;10170;9690;9880
04/06/2015;9880;10120;9790;9880
05/06/2015;9830;10510;9830;10460
08/06/2015;10700;10840;10460;10460
09/06/2015;10460;10550;10070;10170
10/06/2015;10170;10220;9880;10170
11/06/2015;10270;10410;10070;10270
12/06/2015;10270;10360;10120;10170
15/06/2015;10220;10550;10170;10550
16/06/2015;10650;10740;10310;10310
17/06/2015;10170;10410;10120;10310
18/06/2015;10310;10410;10220;10220
19/06/2015;10360;10650;10310;10460
22/06/2015;10460;10790;10460;10790
23/06/2015;10790;10940;10700;10890
24/06/2015;10840;10890;10740;10840
25/06/2015;10790;10940;10600;10890
26/06/2015;10890;10890;10310;10310
29/06/2015;10220;10700;10170;10650
30/06/2015;10550;10890;10550;10600
01/07/2015;10650;10700;10410;10510
02/07/2015;10460;11220;10460;11220
03/07/2015;11510;11990;11270;11800
06/07/2015;11940;12280;11850;12140
07/07/2015;12140;12950;11850;12810
08/07/2015;12620;13140;12040;12420
09/07/2015;12090;12570;12040;12140
10/07/2015;12330;12420;12140;12330
13/07/2015;12330;12570;12090;12380
14/07/2015;12330;12900;12230;12660
15/07/2015;12710;12900;12380;12470
16/07/2015;12380;12470;12140;12380
17/07/2015;12330;12380;12180;12180
20/07/2015;11990;12140;11750;11990
21/07/2015;11990;12180;11900;11990
22/07/2015;11900;12660;11900;12660
23/07/2015;12710;12860;12420;12420
24/07/2015;12420;12520;12280;12330
27/07/2015;12280;12710;12280;12620
28/07/2015;12620;12810;12470;12470
29/07/2015;12570;12660;12330;12380
30/07/2015;12380;12520;12280;12420
31/07/2015;12570;12660;12230;12230
03/08/2015;12140;12140;11660;11940
04/08/2015;11940;11990;11320;11370
05/08/2015;11420;11660;11420;11560
06/08/2015;11610;11660;11080;11220
07/08/2015;11220;11320;11030;11220
10/08/2015;11220;11460;11180;11460
11/08/2015;11510;12040;11460;11750
12/08/2015;11610;11700;11420;11460
13/08/2015;11460;11460;11030;11030
14/08/2015;11100;11450;11000;11250
17/08/2015;11200;11250;10500;10540
18/08/2015;10440;11050;10340;11050
19/08/2015;10600;11300;10600;11050
20/08/2015;10800;11100;10650;10750
21/08/2015;10440;10750;10040;10650
24/08/2015;10650;10650;9940;9940
25/08/2015;9540;10340;9540;10240
26/08/2015;10240;10950;10240;10950
27/08/2015;11200;11400;11100;11350
28/08/2015;11350;11700;11300;11700
31/08/2015;11700;11750;11450;11650
01/09/2015;11550;11900;11500;11850
03/09/2015;11850;11850;11500;11700
04/09/2015;11550;11800;11550;11550
07/09/2015;11850;12200;11750;11950
08/09/2015;11950;12760;11950;12760
09/09/2015;13310;13310;12900;12960
10/09/2015;12700;13010;12650;12760
11/09/2015;12700;12860;12500;12550
14/09/2015;13410;13410;13410;13410
15/09/2015;14310;14310;13960;14310
16/09/2015;13360;13360;13360;13360
17/09/2015;12450;12450;12450;12450
18/09/2015;11600;12450;11600;12300
21/09/2015;12300;12550;12050;12450
22/09/2015;12450;12500;12250;12350
23/09/2015;12100;12200;11950;12150
24/09/2015;12200;12300;12000;12000
25/09/2015;12000;12150;11950;12050
28/09/2015;12050;12050;11800;11800
29/09/2015;11650;11850;11600;11800
30/09/2015;11800;12000;11800;11900
01/10/2015;11850;12000;11800;11800
02/10/2015;11800;11800;11650;11750
05/10/2015;11750;11900;11700;11850
06/10/2015;12050;12400;12050;12350
07/10/2015;12450;12450;12050;12050
08/10/2015;12050;12300;12050;12150
09/10/2015;12300;12500;12150;12250
12/10/2015;12150;12500;12150;12300
13/10/2015;12300;12450;12250;12350
14/10/2015;12350;12350;12200;12250
15/10/2015;12300;12400;12150;12250
16/10/2015;12250;12400;12200;12300
19/10/2015;12300;12350;12200;12300
20/10/2015;12250;12300;12050;12050
21/10/2015;12050;12200;11950;12050
22/10/2015;12050;12250;11950;12100
23/10/2015;12300;12400;12200;12350
26/10/2015;12400;12400;12200;12200
27/10/2015;12250;12350;12200;12250
28/10/2015;12200;12300;12050;12050
29/10/2015;12150;12200;12050;12150
30/10/2015;12100;12200;12050;12100
02/11/2015;12050;12250;12050;12100
03/11/2015;12100;12100;11950;12050
04/11/2015;12050;12150;11900;11900
05/11/2015;11850;11950;11800;11850
06/11/2015;11850;12050;11750;11850
09/11/2015;11850;12000;11800;11900
10/11/2015;11900;11900;11700;11750
11/11/2015;11750;11800;11600;11600
12/11/2015;11600;11750;11500;11700
13/11/2015;11700;11900;11550;11900
16/11/2015;11850;11900;11700;11800
17/11/2015;11850;11850;11700;11750
18/11/2015;11750;11800;11700;11750
19/11/2015;11800;11850;11700;11750
20/11/2015;11750;11800;11650;11800
23/11/2015;11700;11800;11650;11650
24/11/2015;11600;11650;11450;11500
25/11/2015;11400;11550;11250;11350
26/11/2015;10750;11050;10750;10850
27/11/2015;10900;10900;10650;10700
30/11/2015;10540;10540;10090;10240
30/11/2015;10540;10540;10090;10240
01/12/2015;10190;10440;10140;10400
02/12/2015;10440;10900;10440;10650
03/12/2015;10750;10750;10650;10700
04/12/2015;10600;10650;10440;10440
07/12/2015;10290;10440;10240;10290
08/12/2015;10190;10540;10140;10540
09/12/2015;10650;10650;10340;10340
10/12/2015;10190;10340;10140;10190
11/12/2015;10140;10240;10090;10090
14/12/2015;10040;10240;9990;10040
15/12/2015;10040;10190;9940;10040
16/12/2015;10040;10440;10040;10340
17/12/2015;10950;10950;10650;10800
18/12/2015;10600;10800;10600;10700
21/12/2015;10500;10540;10340;10400
22/12/2015;10400;10700;10340;10500
23/12/2015;10500;10650;10400;10400
24/12/2015;10500;10500;10290;10290
25/12/2015;10290;10440;10240;10240
28/12/2015;10240;10290;10040;10140
29/12/2015;10190;10400;10090;10400
30/12/2015;10400;10600;10400;10440
31/12/2015;10400;10500;10290;10340
04/01/2016;10440;10440;10140;10140
05/01/2016;10140;10240;10040;10090
06/01/2016;10040;10190;10040;10140
07/01/2016;10090;10140;9540;9690
08/01/2016;9690;9690;9190;9440
11/01/2016;9540;9690;9490;9540
12/01/2016;9540;9690;9540;9690
13/01/2016;9740;9790;9490;9540
14/01/2016;9440;9490;9240;9290
15/01/2016;9290;9440;8940;8940
18/01/2016;8740;8740;8340;8340
19/01/2016;8340;8640;8340;8590
20/01/2016;8590;8590;8440;8490
21/01/2016;8440;8490;7930;7930
22/01/2016;7930;7980;7380;7530
25/01/2016;7830;8029;7780;8029
26/01/2016;8180;8440;7780;8280
27/01/2016;8280;8690;8240;8640
28/01/2016;8790;8790;8280;8280
29/01/2016;8280;8490;8240;8440
01/02/2016;8280;8490;8180;8180
02/02/2016;8180;8440;8029;8140
03/02/2016;8090;8240;8029;8240
04/02/2016;8280;8340;8140;8140
05/02/2016;8140;8240;8090;8240
15/02/2016;8180;8280;8090;8240
16/02/2016;8280;8280;8140;8180
17/02/2016;8180;8180;8029;8029
18/02/2016;8140;8240;8090;8090
19/02/2016;8140;8390;8090;8280
22/02/2016;8390;8640;8340;8640
23/02/2016;8690;8740;8490;8540
24/02/2016;8490;9090;8440;9090
25/02/2016;9340;9540;9090;9190
26/02/2016;9290;9390;9140;9240
29/02/2016;9140;9190;8890;8890
01/03/2016;8890;9090;8890;8890
02/03/2016;9040;9190;8990;9190
03/03/2016;9190;9240;9040;9140
04/03/2016;9140;9190;9090;9090
07/03/2016;9140;9140;8990;8990
08/03/2016;8990;9040;8890;8940
09/03/2016;8940;8990;8690;8740
10/03/2016;8840;8890;8740;8890
11/03/2016;8990;9040;8890;8890
14/03/2016;8940;8990;8840;8890
15/03/2016;8890;8890;8740;8790
16/03/2016;8790;8940;8740;8890
17/03/2016;8940;8990;8890;8890
18/03/2016;8890;8890;8690;8840
21/03/2016;8890;8990;8840;8840
22/03/2016;8840;8840;8690;8690
23/03/2016;8690;8840;8690;8840
24/03/2016;8790;8790;8640;8640
25/03/2016;8640;8690;8490;8690
28/03/2016;8740;8740;8590;8640
29/03/2016;8540;8640;8490;8490
30/03/2016;8490;8540;8390;8490
31/03/2016;8590;8640;8390;8390
01/04/2016;8440;8540;8340;8340
04/04/2016;8340;8540;8280;8280
05/04/2016;8280;8390;8280;8340
06/04/2016;8340;8490;8340;8490
07/04/2016;8540;8540;8440;8490
08/04/2016;8490;8490;8440;8440
11/04/2016;8440;8490;8280;8390
12/04/2016;8280;8340;8090;8140
13/04/2016;8029;8090;7780;7930
14/04/2016;7930;8180;7880;7980
15/04/2016;8140;8140;7980;8029
19/04/2016;7980;7980;7830;7830
20/04/2016;7880;7980;7830;7880
21/04/2016;7930;7980;7830;7980
22/04/2016;7930;8540;7880;8540
25/04/2016;8790;9040;8790;8790
26/04/2016;8790;8790;8590;8690
27/04/2016;8740;8740;8440;8540
28/04/2016;8540;8590;8280;8280
29/04/2016;8280;8790;8280;8790
04/05/2016;8690;8890;8540;8690
05/05/2016;8640;9040;8640;8890
06/05/2016;8890;9240;8890;9090
09/05/2016;9140;9240;8890;8940
10/05/2016;8890;9290;8790;9190
11/05/2016;9290;9390;9240;9340
12/05/2016;9390;9390;9240;9390
13/05/2016;9340;9490;9290;9390
16/05/2016;9340;9440;9290;9340
17/05/2016;9440;9640;9390;9540
18/05/2016;9540;9690;9490;9540
19/05/2016;9490;9540;9340;9340
20/05/2016;9340;9440;9140;9190
23/05/2016;9190;9240;8990;8990
24/05/2016;8990;9090;8890;8990
25/05/2016;9040;9140;8990;8990
26/05/2016;8940;8990;8740;8790
27/05/2016;8790;8940;8690;8940
30/05/2016;8940;9140;8890;9090
31/05/2016;9140;9240;9090;9140
01/06/2016;9040;9240;9040;9190
02/06/2016;9190;9290;9140;9290
03/06/2016;9290;9340;9190;9190
06/06/2016;9190;9190;9040;9140
07/06/2016;9190;9190;9040;9090
08/06/2016;9040;9290;9040;9190
09/06/2016;9190;9490;9140;9440
10/06/2016;9390;9540;9340;9340
13/06/2016;9290;9340;9140;9190
14/06/2016;9090;9190;9040;9090
15/06/2016;9040;9190;9040;9090
16/06/2016;9140;9190;9040;9040
17/06/2016;9040;9090;8890;9040
20/06/2016;8990;9040;8940;9040
21/06/2016;9140;9140;8990;9040
22/06/2016;9040;9040;8940;8990
23/06/2016;8990;9090;8940;9040
24/06/2016;8990;8990;8490;8890
27/06/2016;8690;8790;8590;8790
28/06/2016;8790;8790;8640;8790
29/06/2016;8790;8940;8740;8840
30/06/2016;8840;8890;8740;8790
01/07/2016;8740;8840;8690;8740
04/07/2016;8740;8790;8590;8790
05/07/2016;8790;9140;8740;9040
06/07/2016;8940;8990;8890;8990
07/07/2016;8940;8990;8890;8990
08/07/2016;8990;8990;8690;8940
11/07/2016;8940;9090;8790;8940
12/07/2016;8990;8990;8840;8940
13/07/2016;8940;9390;8940;9290
14/07/2016;9340;9590;9340;9340
15/07/2016;9290;9340;9190;9290
18/07/2016;9190;9390;9090;9340
19/07/2016;9340;9340;8940;9040
20/07/2016;9040;9090;8890;8890
21/07/2016;8890;8990;8840;8890
22/07/2016;8840;8890;8690;8890
25/07/2016;8890;8940;8790;8840
26/07/2016;8840;8890;8740;8790
27/07/2016;8740;8940;8740;8890
28/07/2016;8840;8940;8790;8840
29/07/2016;8790;8840;8740;8840
01/08/2016;8940;8940;8740;8840
02/08/2016;8790;8790;8540;8590
03/08/2016;8640;8640;8440;8590
04/08/2016;8590;8640;8490;8490
05/08/2016;8390;8440;8180;8390
08/08/2016;8280;8340;8140;8340
09/08/2016;8340;8390;8240;8280
10/08/2016;8180;8490;8180;8490
11/08/2016;8490;8690;8390;8690
12/08/2016;8590;8690;8440;8590
15/08/2016;8490;8590;8440;8590
16/08/2016;8590;8590;8440;8490
17/08/2016;8490;8540;8390;8490
18/08/2016;8440;8440;8280;8390
19/08/2016;8390;8390;8180;8340
22/08/2016;8240;8340;8240;8280
23/08/2016;8240;8280;8180;8280
24/08/2016;8280;8280;8140;8180
25/08/2016;8180;8240;8090;8180
26/08/2016;8240;8390;8180;8240
29/08/2016;8280;8340;8240;8280
30/08/2016;8240;8280;8180;8280
31/08/2016;8240;8280;8180;8240
01/09/2016;8240;8240;8090;8240
05/09/2016;8180;8240;7980;8240
06/09/2016;8090;8180;8090;8090
07/09/2016;8090;8140;7980;8090
08/09/2016;8180;8180;8029;8180
09/09/2016;8140;8180;8140;8180
12/09/2016;8240;8260;8090;8180
13/09/2016;8140;8180;8090;8140
14/09/2016;8029;8090;7980;7980
15/09/2016;7980;8029;7910;7980
16/09/2016;7980;7980;7830;7960
19/09/2016;7980;8010;7910;7930
20/09/2016;7910;8029;7810;8029
21/09/2016;7930;8180;7930;8090
22/09/2016;8090;8180;8029;8060
23/09/2016;8060;8060;7960;8060
26/09/2016;8060;8060;7930;8010
27/09/2016;7930;8440;7930;8440
28/09/2016;8440;8710;8390;8710
29/09/2016;8690;8690;8410;8540
30/09/2016;8390;8590;8360;8540
03/10/2016;8540;8590;8410;8540
04/10/2016;8490;8710;8460;8590
05/10/2016;8590;8760;8540;8690
06/10/2016;8660;8710;8560;8690
07/10/2016;8640;8690;8510;8540
10/10/2016;8510;8590;8390;8410
11/10/2016;8410;8440;8240;8440
12/10/2016;8440;8490;8390;8440
13/10/2016;8410;8440;8390;8440
14/10/2016;8390;8590;8360;8540
17/10/2016;8490;8610;8490;8590
18/10/2016;8590;8590;8410;8540
19/10/2016;8460;8890;8460;8890
20/10/2016;8940;8940;8790;8840
21/10/2016;8740;8890;8740;8840
24/10/2016;8940;8990;8840;8860
25/10/2016;8860;8860;8640;8760
26/10/2016;8690;8790;8540;8660
27/10/2016;8590;8610;8390;8390
28/10/2016;8440;8640;8410;8590
31/10/2016;8590;8640;8390;8390
01/11/2016;8390;8540;8360;8540
02/11/2016;8540;8540;8390;8460
03/11/2016;8570;8570;8380;8510
04/11/2016;8410;8570;8360;8570
07/11/2016;8430;8570;8360;8360
08/11/2016;8360;8460;8330;8330
09/11/2016;8360;8360;7830;8360
10/11/2016;8410;8410;8300;8360
11/11/2016;8300;8380;8220;8300
14/11/2016;8330;8330;8090;8119
15/11/2016;8119;8200;8090;8119
16/11/2016;8119;8200;8119;8170
17/11/2016;8170;8170;8090;8090
18/11/2016;8119;8119;8039;8090
21/11/2016;8140;8300;8140;8200
22/11/2016;8200;8510;8200;8510
23/11/2016;8570;8650;8510;8510
24/11/2016;8510;8510;8300;8460
25/11/2016;8460;8460;8300;8410
25/11/2016;8460;8460;8300;8410
28/11/2016;8360;8360;8220;8300
29/11/2016;8300;8330;8039;8039
30/11/2016;8140;8170;8010;8090
01/12/2016;8140;8140;8060;8140
02/12/2016;8119;8140;8039;8090
05/12/2016;8090;8090;7930;8039
06/12/2016;7960;7980;7670;7800
07/12/2016;7800;7850;7750;7800
08/12/2016;7800;7850;7750;7830
09/12/2016;7830;7880;7750;7800
12/12/2016;7720;7800;7640;7720
13/12/2016;7670;7670;7400;7560
14/12/2016;7460;8039;7430;8039
15/12/2016;7830;7930;7670;7930
16/12/2016;7690;7830;7690;7750
19/12/2016;7750;7930;7750;7800
20/12/2016;7830;7850;7750;7800
21/12/2016;7800;7880;7690;7880
22/12/2016;7800;7800;7670;7720
23/12/2016;7720;7720;7590;7720
26/12/2016;7720;7800;7690;7720
27/12/2016;7720;7720;7590;7670
28/12/2016;7690;7690;7560;7640
29/12/2016;7620;7640;7510;7560
30/12/2016;7540;7620;7510;7510
03/01/2017;7590;8010;7590;8010
04/01/2017;8090;8300;8090;8170
05/01/2017;8119;8300;8039;8140
06/01/2017;8039;8490;8039;8330
09/01/2017;8360;8670;8360;8570
10/01/2017;8510;8570;8430;8510
11/01/2017;8570;8780;8490;8780
12/01/2017;8780;8780;8670;8720
13/01/2017;8720;8750;8540;8590
16/01/2017;8590;8620;8360;8360
17/01/2017;8510;8910;8430;8880
18/01/2017;8880;9150;8700;8700
19/01/2017;8650;8800;8620;8700
20/01/2017;8720;8940;8670;8800
23/01/2017;8830;8990;8780;8910
24/01/2017;8910;9070;8910;8990
25/01/2017;8990;8990;8720;8940
02/02/2017;8940;9100;8800;9100
03/02/2017;9100;9280;9020;9100
06/02/2017;9100;9200;8990;9100
07/02/2017;9020;9180;8960;9040
08/02/2017;9040;9100;8910;8990
09/02/2017;8990;9070;8910;8910
10/02/2017;8910;9070;8880;9040
13/02/2017;9040;9070;8910;8910
14/02/2017;8940;9020;8910;8990
15/02/2017;8960;9200;8910;9180
16/02/2017;9120;9230;8990;8990
17/02/2017;8940;9020;8860;8940
20/02/2017;8880;8910;8720;8780
21/02/2017;8800;8910;8800;8830
22/02/2017;8860;8880;8720;8780
23/02/2017;8780;8830;8650;8800
24/02/2017;8720;8880;8720;8800
27/02/2017;8720;8830;8700;8830
28/02/2017;8800;8830;8670;8700
01/03/2017;8700;8700;8510;8620
02/03/2017;8670;8720;8490;8490
03/03/2017;8510;8670;8360;8670
06/03/2017;8780;8830;8670;8780
07/03/2017;8780;8780;8670;8720
08/03/2017;8670;8860;8620;8780
09/03/2017;8780;8960;8750;8880
10/03/2017;8940;8940;8750;8750
13/03/2017;8720;8750;8620;8720
14/03/2017;8650;8720;8620;8670
15/03/2017;8620;8700;8590;8700
16/03/2017;8700;8750;8590;8650
17/03/2017;8650;8860;8620;8830
20/03/2017;8830;8880;8700;8860
21/03/2017;8880;9200;8880;9200
22/03/2017;9200;9330;9150;9200
23/03/2017;9200;9330;9100;9230
24/03/2017;9330;9470;9200;9470
27/03/2017;9520;9600;9330;9390
28/03/2017;9310;9410;9200;9200
29/03/2017;9230;9230;9040;9200
30/03/2017;9200;9440;9180;9390
31/03/2017;9390;9390;9200;9280
03/04/2017;9230;9280;9070;9070
04/04/2017;9150;9230;9020;9100
05/04/2017;9100;9180;9040;9070
07/04/2017;9040;9120;8880;9040
10/04/2017;9100;9120;8990;8990
11/04/2017;8990;9020;8860;8990
12/04/2017;8990;9100;8880;8990
13/04/2017;8940;9040;8880;8940
14/04/2017;8830;9020;8700;9020
17/04/2017;8990;9020;8670;8670
18/04/2017;8670;8720;8570;8720
19/04/2017;8720;8720;8620;8620
20/04/2017;8620;8940;8540;8780
21/04/2017;8860;8940;8720;8750
24/04/2017;8720;8780;8620;8650
25/04/2017;8670;8720;8570;8650
26/04/2017;8620;8860;8540;8720
27/04/2017;8720;8830;8700;8780
28/04/2017;8620;8830;8620;8780
03/05/2017;8780;8880;8720;8780
04/05/2017;8780;9020;8700;8880
05/05/2017;8880;8880;8670;8750
08/05/2017;8800;8800;8620;8720
09/05/2017;8670;8830;8650;8780
10/05/2017;8780;9150;8780;9040
11/05/2017;9040;9120;8990;8990
12/05/2017;8990;9150;8940;8960
15/05/2017;8940;8960;8830;8940
16/05/2017;8990;9020;8830;8940
17/05/2017;8880;8940;8800;8830
18/05/2017;8830;9020;8800;8880
19/05/2017;8910;9100;8860;9100
22/05/2017;9200;9730;9200;9730
23/05/2017;9730;10130;9600;9810
24/05/2017;9760;10230;9680;10180
25/05/2017;10180;10420;10050;10100
26/05/2017;10050;10310;10050;10310
29/05/2017;10310;10470;9990;10050
30/05/2017;9990;10150;9700;9700
31/05/2017;9700;9840;9600;9760
01/06/2017;9780;9860;9680;9680
02/06/2017;9680;9730;9490;9650
05/06/2017;9780;9940;9730;9890
06/06/2017;9840;10280;9780;10260
07/06/2017;10310;10440;10210;10260
08/06/2017;10210;10260;9990;10100
09/06/2017;10100;10180;9940;9970
12/06/2017;9990;10180;9910;10020
13/06/2017;10050;10420;9990;10310
14/06/2017;10420;10630;10390;10580
15/06/2017;10630;10630;10390;10470
16/06/2017;10420;10520;10390;10440
19/06/2017;10580;10600;10470;10580
20/06/2017;10740;10890;10630;10870
21/06/2017;10790;10890;10500;10740
22/06/2017;10790;10840;10500;10500
23/06/2017;10420;10520;10360;10520
26/06/2017;10520;10760;10470;10680
27/06/2017;10680;10760;10520;10520
28/06/2017;10500;10680;10420;10550
29/06/2017;10660;10890;10660;10740
30/06/2017;10680;10790;10680;10790
03/07/2017;10790;11080;10790;10950
04/07/2017;11050;11050;10680;10740
05/07/2017;10760;10810;10680;10790
06/07/2017;10840;10950;10660;10740
07/07/2017;10740;10890;10660;10680
10/07/2017;10680;10740;10420;10420
11/07/2017;10420;10440;10070;10420
12/07/2017;10420;10420;10210;10210
13/07/2017;10210;10390;10180;10340
14/07/2017;10420;10420;10210;10210
17/07/2017;10280;10310;9970;9990
18/07/2017;9970;10100;9890;10020
19/07/2017;10130;10180;10050;10070
20/07/2017;10180;10360;10050;10360
21/07/2017;10420;10470;10180;10180
24/07/2017;10150;10310;10020;10260
25/07/2017;10260;10840;10260;10840
26/07/2017;10790;11050;10760;10890
27/07/2017;10890;11030;10790;10950
28/07/2017;11030;11210;10890;11100
31/07/2017;11160;11820;11160;11740
01/08/2017;11630;11820;11530;11740
02/08/2017;11550;12140;11450;11870
03/08/2017;11840;12160;11840;12110
04/08/2017;12110;12110;11840;11840
07/08/2017;11740;11920;11740;11900
08/08/2017;11950;12000;11840;11950
09/08/2017;12060;12060;11130;11130
10/08/2017;11020;11350;10590;11080
11/08/2017;11020;11130;10800;11080
14/08/2017;11080;11350;10910;11350
15/08/2017;11320;11350;11080;11080
16/08/2017;11080;11130;10800;10910
17/08/2017;10910;11000;10420;10480
18/08/2017;10370;10910;10260;10780
21/08/2017;10780;10830;10480;10720
22/08/2017;10700;10700;10450;10450
23/08/2017;10450;10640;10400;10590
24/08/2017;10610;10860;10590;10800
25/08/2017;10860;10970;10750;10780
28/08/2017;10780;10860;10670;10720
29/08/2017;10720;10860;10700;10720
30/08/2017;10750;10750;10560;10560
31/08/2017;10590;11300;10560;11300
01/09/2017;11520;11790;11320;11490
05/09/2017;11460;11460;11240;11430
06/09/2017;11300;11410;11160;11240
07/09/2017;11220;11570;11220;11380
08/09/2017;11380;11380;11100;11100
11/09/2017;11020;11240;10910;11020
12/09/2017;10970;11300;10940;11190
13/09/2017;11270;11300;11100;11190
14/09/2017;11100;11380;11080;11270
15/09/2017;11270;11270;11100;11130
18/09/2017;11130;11300;11100;11190
19/09/2017;11240;11380;11160;11270
20/09/2017;11270;11270;11130;11190
21/09/2017;11130;11410;11100;11380
22/09/2017;11300;11410;11240;11240
25/09/2017;11240;11270;11080;11130
26/09/2017;11130;11240;11100;11130
27/09/2017;11130;11190;11020;11020
28/09/2017;11020;11130;10720;10720
29/09/2017;10720;10830;10700;10700
02/10/2017;10700;10910;10700;10750
03/10/2017;10800;11020;10750;10830
04/10/2017;10860;11020;10830;10940
05/10/2017;11020;11050;10830;10860
06/10/2017;10830;11020;10800;10890
09/10/2017;11020;11080;10910;10910
10/10/2017;10910;11020;10890;10910
11/10/2017;10970;11160;10940;11080
12/10/2017;11080;11160;11000;11000
13/10/2017;10970;11050;10940;11020
16/10/2017;11020;11160;11020;11100
17/10/2017;11130;11730;11130;11730
18/10/2017;11730;11840;11620;11680
19/10/2017;11570;11650;11350;11600
20/10/2017;11520;11710;11520;11680
23/10/2017;11570;11710;11350;11410
24/10/2017;11270;11410;11240;11320
25/10/2017;11300;11620;11300;11460
26/10/2017;11410;11570;11080;11300
27/10/2017;11300;11570;11220;11570
30/10/2017;11570;12170;11570;11920
31/10/2017;11900;12090;11730;11920
01/11/2017;11920;12250;11920;12220
02/11/2017;12220;12310;11730;11950
03/11/2017;11900;12220;11730;12220
06/11/2017;12220;12470;12140;12470
07/11/2017;12390;12580;12330;12470
08/11/2017;12470;12990;12390;12990
09/11/2017;12990;13040;12770;12820
10/11/2017;12720;13210;12720;12880
13/11/2017;12910;13070;12880;13070
14/11/2017;13070;13320;12820;13260
15/11/2017;13320;13320;13100;13210
16/11/2017;13120;13290;12930;13180
17/11/2017;13210;13260;12820;13120
20/11/2017;12990;13180;12910;13100
21/11/2017;13100;13370;13100;13120
22/11/2017;13120;14020;13100;14020
23/11/2017;14190;14460;13810;13810
23/11/2017;14190;14460;13810;13810
24/11/2017;13810;13940;13640;13810
27/11/2017;13810;13940;13700;13750
28/11/2017;13750;13860;13400;13640
29/11/2017;13590;13970;13590;13970
30/11/2017;14190;14350;13920;14000
01/12/2017;13970;14000;13860;13920
04/12/2017;14020;14300;13920;13920
05/12/2017;14020;14020;13590;13590
06/12/2017;13480;13590;13370;13560
07/12/2017;13640;13720;13400;13640
08/12/2017;13670;13750;13450;13640
11/12/2017;13040;13530;13040;13100
12/12/2017;13100;13320;12200;13150
13/12/2017;13150;13210;12910;13040
14/12/2017;12990;13370;12690;13340
15/12/2017;13210;13340;13020;13260
18/12/2017;13260;13370;13210;13290
19/12/2017;13290;13480;13150;13150
20/12/2017;13150;13480;13120;13370
21/12/2017;13370;13530;13210;13210
22/12/2017;13040;13210;12820;13020
25/12/2017;13210;13260;12930;12990
26/12/2017;12990;13150;12820;13150
27/12/2017;13230;13450;13120;13320
28/12/2017;13320;13700;13320;13510
29/12/2017;13670;13920;13510;13920
02/01/2018;13920;14730;13750;14730
03/01/2018;14730;14760;14460;14620
04/01/2018;14620;15120;14490;15040
05/01/2018;15010;15040;14710;14950
08/01/2018;15120;15390;14950;15200
09/01/2018;15200;15250;14190;14950
10/01/2018;14950;15420;14900;14980
11/01/2018;15010;15140;14820;15060
12/01/2018;14840;15040;14790;14870
15/01/2018;14760;15120;14600;14900
16/01/2018;14920;15230;14870;15120
17/01/2018;15120;15340;14730;14730
18/01/2018;14520;14790;14350;14790
19/01/2018;14840;14900;14520;14680
22/01/2018;14680;15610;14650;15530
23/01/2018;15530;15530;15530;15530
24/01/2018;15530;15530;15530;15530
25/01/2018;15880;16590;15720;16590
26/01/2018;17740;17740;17190;17740
29/01/2018;18010;18960;18010;18880
30/01/2018;17930;19650;17930;19650
31/01/2018;20300;20330;18660;18660
01/02/2018;18830;18860;17950;18390
02/02/2018;18170;18720;18060;18390
05/02/2018;18120;18230;17110;17110
06/02/2018;15940;16810;15940;15940
07/02/2018;17030;17030;16370;17030
08/02/2018;17030;17900;17030;17570
09/02/2018;16370;18010;16340;17630
12/02/2018;18010;18860;17740;18860
13/02/2018;19860;19920;19100;19320
21/02/2018;19650;20660;19430;20410
22/02/2018;20190;21060;20060;20080
23/02/2018;20190;20460;19590;20250
26/02/2018;20680;21150;20410;20790
27/02/2018;20790;21170;20520;20820
28/02/2018;20680;21560;20550;21280
01/03/2018;21060;21610;20460;20630
02/03/2018;20190;20740;20140;20630
05/03/2018;20870;20960;19210;19210
06/03/2018;19650;20550;19350;20550
07/03/2018;20740;20790;20140;20460
08/03/2018;20460;20740;20190;20300
09/03/2018;20460;20740;20190;20330
12/03/2018;21120;21280;20740;21060
13/03/2018;21060;21390;20740;21390
14/03/2018;21720;21720;21230;21280
15/03/2018;21280;22760;21120;22760
16/03/2018;23080;23740;22810;23360
19/03/2018;23470;23520;22480;22760
20/03/2018;22480;23520;22370;23190
21/03/2018;23740;23900;23250;23740
22/03/2018;23740;24280;23600;24180
23/03/2018;23740;23790;22590;23110
26/03/2018;22920;24500;22920;24500
27/03/2018;25100;25430;24070;24070
28/03/2018;24010;24420;23680;24310
29/03/2018;24310;24390;23900;24010
30/03/2018;23900;23980;23280;23680
02/04/2018;23900;24560;23440;24560
03/04/2018;24720;24990;24390;24610
04/04/2018;24610;24800;24450;24450
05/04/2018;24450;24450;23880;24010
06/04/2018;24120;24390;23900;24010
09/04/2018;24180;24560;23680;24230
10/04/2018;24500;25320;24450;24830
11/04/2018;25540;25540;24010;24280
12/04/2018;24180;24560;23790;24230
13/04/2018;24280;24450;22760;22920
16/04/2018;22370;22920;21830;21830
17/04/2018;21830;22870;21660;22870
18/04/2018;23300;23300;21940;21940
19/04/2018;21940;22050;20630;20740
20/04/2018;21010;21580;20190;21530
23/04/2018;21720;22180;20030;20030
24/04/2018;20190;21010;19590;20740
26/04/2018;20630;21010;19370;19920
27/04/2018;19860;20790;19650;19700
02/05/2018;20030;20140;18340;18340
03/05/2018;17570;19050;17050;18390
04/05/2018;18610;18830;17740;17740
07/05/2018;17980;18960;17300;18960
08/05/2018;18960;20160;18770;19370
09/05/2018;19100;19780;18830;19100
10/05/2018;18770;19430;17760;17840
11/05/2018;17840;18660;17190;18550
14/05/2018;18880;18940;18390;18720
15/05/2018;18720;19100;18550;18880
16/05/2018;18610;18720;18090;18120
17/05/2018;18120;18280;17840;18010
18/05/2018;18010;18230;16920;17980
21/05/2018;17980;17980;17190;17190
22/05/2018;16920;17140;15990;15990
23/05/2018;15720;16640;15690;16620
24/05/2018;16640;16780;16070;16180
25/05/2018;16290;16430;15120;15120
28/05/2018;14790;14840;14080;14080
29/05/2018;14460;15060;14080;15060
30/05/2018;15280;15550;14920;15060
31/05/2018;14900;16040;14900;15960
01/06/2018;15830;16750;15720;16210
04/06/2018;15830;16700;15500;16640
05/06/2018;16540;17030;16149;16590
06/06/2018;16620;17350;16260;17350
07/06/2018;17350;17570;17030;17030
08/06/2018;17030;17300;16810;17190
11/06/2018;16970;17440;16920;16920
12/06/2018;16540;16640;15740;16149
13/06/2018;16149;16370;15910;16180
14/06/2018;16210;16320;15440;15440
15/06/2018;15280;15830;15170;15830
18/06/2018;15830;15850;14840;14900
19/06/2018;14620;14730;13860;14620
20/06/2018;14790;15280;14540;15280
21/06/2018;15060;15280;14520;14620
22/06/2018;14220;15090;14220;15010
25/06/2018;15310;15640;15230;15390
26/06/2018;15010;15340;14900;15170
27/06/2018;15170;15390;14620;14620
28/06/2018;14410;14620;14080;14130
29/06/2018;14190;14570;14020;14190
02/07/2018;13920;14190;13290;13510
03/07/2018;13530;13720;12580;12580
04/07/2018;12580;12630;11980;12500
05/07/2018;12310;12580;11620;11790
06/07/2018;11680;12610;11380;12610
09/07/2018;12880;13320;12690;12720
10/07/2018;12930;13290;12770;12910
11/07/2018;12440;12550;12010;12060
12/07/2018;12220;12880;12030;12550
13/07/2018;12820;13100;12720;12820
16/07/2018;13100;13320;12930;13180
17/07/2018;12880;13720;12880;13590
18/07/2018;13640;14300;13590;14270
19/07/2018;14190;14300;13920;14080
20/07/2018;13860;14130;13530;13860
23/07/2018;13860;14300;13530;13530
24/07/2018;13480;13920;13100;13530
25/07/2018;13640;13720;12880;12880
26/07/2018;12880;13150;12690;13150
27/07/2018;13150;13620;13100;13530
30/07/2018;13750;14350;13640;14350
31/07/2018;14300;14710;14110;14350
01/08/2018;14350;14620;14190;14350
02/08/2018;14190;14300;13810;14300
03/08/2018;14520;14570;14350;14490
06/08/2018;14520;15060;14220;14650
07/08/2018;14350;15120;14350;14980
08/08/2018;15010;15940;15010;15940
09/08/2018;16100;16260;15720;15740
10/08/2018;15610;16320;15550;16320
13/08/2018;16210;16840;16149;16640
14/08/2018;16640;16730;16320;16370
15/08/2018;16640;16750;15610;15990
16/08/2018;15800;16400;15280;16370
17/08/2018;16700;17300;16430;16970
20/08/2018;16920;17350;16810;17140
21/08/2018;16920;18010;16920;18010
22/08/2018;18120;18390;17680;17740
23/08/2018;17840;18280;17570;18040
24/08/2018;17790;18310;17790;18230
27/08/2018;18390;18610;18250;18550
28/08/2018;18720;18720;18170;18390
29/08/2018;18390;18610;18310;18360
30/08/2018;18340;19050;18280;19050
31/08/2018;18990;19100;18720;18770
04/09/2018;18550;18550;17570;17740
05/09/2018;17570;18200;17550;18060
06/09/2018;18060;18120;17680;17870
07/09/2018;17740;18640;17740;18500
10/09/2018;18440;18830;18280;18550
11/09/2018;18550;19320;18500;19260
12/09/2018;19370;19430;18960;18960
13/09/2018;19210;19370;18830;19100
14/09/2018;19260;19370;18940;19020
17/09/2018;18940;19160;18660;18660
18/09/2018;18440;19260;18280;19240
19/09/2018;19370;19620;19210;19260
20/09/2018;19260;19510;19020;19370
21/09/2018;19480;19510;18910;19260
24/09/2018;19260;19430;19020;19050
25/09/2018;18960;19430;18880;19100
26/09/2018;19070;19350;19050;19050
27/09/2018;19100;19130;18910;18910
28/09/2018;19050;19450;18940;19210
01/10/2018;19210;19370;18880;18960
02/10/2018;18990;19860;18830;19760
03/10/2018;19810;20060;19760;20000
04/10/2018;20030;20080;19810;20060
05/10/2018;19860;19970;19370;19370
08/10/2018;19210;19760;19050;19650
09/10/2018;19700;19920;19540;19700
10/10/2018;19760;19760;19210;19290
11/10/2018;18060;18720;17950;17950
12/10/2018;18010;18640;17460;18440
15/10/2018;18550;18550;17790;17790
16/10/2018;17790;18280;17790;18280
17/10/2018;18550;18990;18530;18880
18/10/2018;18770;19180;18440;18880
19/10/2018;18550;18960;18440;18880
22/10/2018;19100;19350;18940;19100
23/10/2018;18990;19210;18280;19050
24/10/2018;19050;19100;17790;17790
25/10/2018;16560;17460;16560;17030
26/10/2018;17460;17630;16700;16700
29/10/2018;16640;16810;15720;15770
30/10/2018;15550;16210;15060;15060
31/10/2018;15550;16100;15390;16100
01/11/2018;17160;17190;16540;16560
02/11/2018;16920;17710;16810;17710
05/11/2018;17460;17900;17240;17900
06/11/2018;18010;18090;17380;17460
07/11/2018;17460;17930;17410;17710
08/11/2018;18280;18280;17680;17710
09/11/2018;17570;17740;17270;17300
12/11/2018;16970;17710;16970;17570
13/11/2018;17080;17330;16920;16920
14/11/2018;16920;17190;16370;16370
15/11/2018;16370;17350;16320;16920
16/11/2018;17190;17710;17190;17570
19/11/2018;17570;17760;17460;17570
20/11/2018;17160;17460;17160;17300
21/11/2018;17030;17570;17000;17460
21/11/2018;17030;17570;17000;17460
22/11/2018;17570;17710;17350;17380
23/11/2018;17350;17520;17240;17300
26/11/2018;17140;17440;17140;17270
27/11/2018;17410;17460;16920;17160
28/11/2018;17160;17270;17080;17220
29/11/2018;17220;17460;17050;17050
30/11/2018;16700;17350;16700;17140
03/12/2018;17460;18310;17350;18310
04/12/2018;18310;18610;18120;18230
05/12/2018;18010;18580;17900;18470
06/12/2018;18390;18470;18120;18390
07/12/2018;18440;18770;18360;18390
10/12/2018;18390;18610;18140;18390
11/12/2018;18390;18470;18230;18310
12/12/2018;18390;18910;18230;18910
13/12/2018;19070;19070;18720;18720
14/12/2018;18660;18990;18440;18500
17/12/2018;18250;18580;18120;18120
18/12/2018;17840;18360;17740;18360
19/12/2018;18360;18530;18170;18170
20/12/2018;18280;18690;18230;18530
21/12/2018;18440;18580;18230;18550
24/12/2018;18550;18960;18440;18550
25/12/2018;18120;18420;17300;17870
26/12/2018;17870;18250;17760;17790
27/12/2018;18440;18800;18310;18550
28/12/2018;18440;18770;18360;18770
02/01/2019;18770;18770;18250;18280
03/01/2019;18280;18440;17460;17460
04/01/2019;17190;17440;16810;17220
07/01/2019;17460;18010;17460;17630
08/01/2019;17790;17790;17410;17460
09/01/2019;17630;18040;17520;18010
10/01/2019;18010;18060;17740;17740
11/01/2019;17740;17900;17380;17410
14/01/2019;17410;17650;17160;17410
15/01/2019;17330;17900;17330;17740
16/01/2019;17840;17870;17570;17570
17/01/2019;17570;17680;17410;17440
18/01/2019;17440;17630;17270;17300
21/01/2019;17460;18200;17300;17930
22/01/2019;17950;18060;17840;17870
23/01/2019;17680;17930;17520;17840
24/01/2019;17760;17930;17740;17740
25/01/2019;17840;17840;17460;17490
28/01/2019;17490;17650;17350;17410
29/01/2019;17410;17410;17220;17300
30/01/2019;17410;17600;17240;17300
31/01/2019;17570;17570;17190;17190
01/02/2019;17160;17380;17140;17240
11/02/2019;17380;17600;17350;17440
12/02/2019;17490;17840;17490;17710
13/02/2019;17760;17790;17600;17740
14/02/2019;17740;17760;17650;17680
15/02/2019;17650;18440;17520;18090
18/02/2019;18280;18390;18120;18280
19/02/2019;18280;18420;17950;17950
20/02/2019;17900;19050;17820;18550
21/02/2019;18690;18910;18550;18690
22/02/2019;18660;18940;18550;18550
25/02/2019;18830;18830;18390;18550
26/02/2019;18390;18550;18280;18340
27/02/2019;18340;18530;18280;18340
28/02/2019;18340;18420;17740;17740
01/03/2019;17790;18060;17790;17930
04/03/2019;18060;18420;18010;18340
05/03/2019;18120;19260;18120;18880
06/03/2019;18880;19050;18770;18960
07/03/2019;19100;19240;18940;19050
08/03/2019;18800;18940;18500;18550
11/03/2019;18610;18610;18250;18360
12/03/2019;18610;19370;18440;19370
13/03/2019;19260;19620;19210;19430
14/03/2019;19430;20030;19210;19760
15/03/2019;19760;20460;19590;20300
18/03/2019;20300;20520;20140;20360
19/03/2019;20270;20360;19920;19970
20/03/2019;19730;19920;19370;19700
21/03/2019;19780;20000;18990;18990
22/03/2019;19320;19480;18990;19160
25/03/2019;18610;19100;18280;18830
26/03/2019;19050;19160;18660;18720
27/03/2019;19020;19160;18720;19050
28/03/2019;18800;19560;18800;19430
29/03/2019;19430;19650;19430;19540
01/04/2019;19540;19810;19260;19370
02/04/2019;19650;19650;18990;18990
03/04/2019;18990;19700;18800;19480
04/04/2019;19650;19650;19180;19260
05/04/2019;19260;19480;18990;19130
08/04/2019;18990;19400;18990;19370
09/04/2019;19370;19760;19370;19510
10/04/2019;19510;19540;19210;19210
11/04/2019;19260;19370;19070;19180
12/04/2019;19160;19210;18940;18960
16/04/2019;18880;19430;18660;19370
17/04/2019;19370;19370;18990;18990
18/04/2019;18990;19320;18910;18990
19/04/2019;18990;19210;18940;19020
22/04/2019;19020;19020;18530;18660
23/04/2019;18880;18880;18530;18660
24/04/2019;18830;18990;18720;18880
25/04/2019;18880;19100;18830;18830
26/04/2019;18830;19050;18830;18990
02/05/2019;19100;19100;18830;18830
03/05/2019;18830;18990;18660;18660
06/05/2019;18360;18500;18010;18060
07/05/2019;18170;18500;17950;18060
08/05/2019;17840;18010;17650;17650
09/05/2019;17820;17900;16920;16970
10/05/2019;17190;17570;17140;17460
13/05/2019;17460;17900;17460;17840
14/05/2019;17710;17790;17460;17680
15/05/2019;17790;18060;17630;17950
16/05/2019;17980;18010;17710;17790
17/05/2019;17840;17840;17460;17550
20/05/2019;17520;17950;17520;17840
21/05/2019;17840;18140;17790;18040
22/05/2019;18040;18340;18040;18120
23/05/2019;18010;18230;17790;18230
24/05/2019;18060;18140;17740;17740
27/05/2019;17740;17840;17680;17790
28/05/2019;17740;17900;17550;17630
29/05/2019;17630;17710;17440;17460
30/05/2019;17570;17630;17350;17350
31/05/2019;17270;17410;17160;17190
03/06/2019;17140;17190;16700;16700
04/06/2019;16700;17460;16670;17460
05/06/2019;17460;17570;17140;17140
06/06/2019;17140;17300;16860;17080
07/06/2019;17080;17300;17080;17300
10/06/2019;17350;17520;17300;17300
11/06/2019;17350;17460;17240;17410
12/06/2019;17300;17410;17160;17190
13/06/2019;17140;17330;17140;17190
14/06/2019;17300;17600;17190;17550
17/06/2019;17570;17760;17440;17520
18/06/2019;17410;17520;17300;17460
19/06/2019;17680;17680;17440;17460
20/06/2019;17460;17840;17410;17820
21/06/2019;17840;17980;17710;17740
24/06/2019;17820;18010;17680;17790
25/06/2019;17790;17840;17520;17520
26/06/2019;17460;17760;17410;17740
27/06/2019;17710;17710;17460;17460
28/06/2019;17460;17570;17140;17300
01/07/2019;17570;17740;17520;17650
02/07/2019;17520;17680;17490;17490
03/07/2019;17460;17680;17460;17520
04/07/2019;17680;17930;17570;17900
05/07/2019;17820;18120;17790;17900
08/07/2019;17950;17950;17680;17760
09/07/2019;17680;17840;17680;17790
10/07/2019;17790;17930;17680;17680
11/07/2019;17790;18280;17680;18250
12/07/2019;18280;18440;18170;18230
15/07/2019;18170;18280;18140;18170
16/07/2019;18250;18860;18250;18860
17/07/2019;18830;19050;18690;18860
18/07/2019;18800;18940;18660;18940
19/07/2019;19100;19320;18940;19050
22/07/2019;19210;19620;19100;19510
23/07/2019;19510;19510;18940;19240
24/07/2019;19320;19320;18660;18800
25/07/2019;18720;19210;18720;19210
26/07/2019;19100;19590;19100;19540
29/07/2019;19480;19540;19260;19540
30/07/2019;19430;19430;19070;19100
31/07/2019;19100;19370;18940;19370
01/08/2019;19370;19370;19130;19350
02/08/2019;19100;19650;19050;19540
05/08/2019;19370;19540;19350;19540
06/08/2019;18830;19450;18830;19210
07/08/2019;19290;19370;18940;18940
08/08/2019;18940;19180;18910;18940
09/08/2019;19100;19100;18660;18940
12/08/2019;19020;19320;18580;19290
13/08/2019;19130;19320;18960;19050
14/08/2019;19260;19320;18960;19160
15/08/2019;18830;19160;18830;19160
16/08/2019;19100;20030;19050;19650
19/08/2019;19920;20190;19810;20030
20/08/2019;20160;20160;19950;20080
21/08/2019;19920;20870;19920;20660
22/08/2019;20740;20790;20460;20520
23/08/2019;20630;20630;20270;20490
26/08/2019;20140;20660;19970;20660
27/08/2019;20900;20960;20460;20460
28/08/2019;20460;20740;20410;20520
29/08/2019;20520;20680;20380;20680
30/08/2019;20850;21170;20710;21150
03/09/2019;21170;21340;21090;21120
04/09/2019;21120;21170;20740;21060
05/09/2019;21170;21310;21010;21010
06/09/2019;21010;21010;20490;20740
09/09/2019;20740;20790;20600;20790
10/09/2019;20710;21060;20630;20900
11/09/2019;20740;20960;20710;20850
12/09/2019;20930;21150;20740;21090
13/09/2019;21200;21750;21060;21750
16/09/2019;21750;22260;21720;21830
17/09/2019;21660;22370;21500;22370
18/09/2019;22320;22510;22130;22460
19/09/2019;22480;22510;22240;22260
20/09/2019;22260;22430;21720;21830
23/09/2019;21660;22100;21610;21640
24/09/2019;21720;21830;21530;21530
25/09/2019;21420;21770;21230;21770
26/09/2019;21770;22210;21770;21910
27/09/2019;21990;22050;21860;21960
30/09/2019;21940;22180;21500;21500
01/10/2019;21500;21830;21500;21830
02/10/2019;21830;22260;21800;21940
03/10/2019;21720;22510;21690;22510
04/10/2019;22540;22730;22100;22100
07/10/2019;22320;22320;21830;22050
08/10/2019;22050;22430;21880;22430
09/10/2019;22430;22810;22260;22510
10/10/2019;22510;22760;22370;22370
11/10/2019;22370;22480;22210;22260
14/10/2019;22370;22890;22290;22460
15/10/2019;22370;22680;22370;22590
16/10/2019;22590;22730;22460;22460
17/10/2019;22560;22560;22260;22260
18/10/2019;22260;22260;21830;21880
21/10/2019;21660;21830;21450;21450
22/10/2019;21450;21830;21450;21830
23/10/2019;21830;21990;21750;21880
24/10/2019;21880;22100;21690;21990
25/10/2019;21830;22130;21720;21940
28/10/2019;22430;22480;22160;22160
29/10/2019;22320;22320;21830;22160
30/10/2019;22100;22260;21910;21940
31/10/2019;21940;22210;21860;22160
01/11/2019;22100;22430;21990;22370
04/11/2019;22430;23170;22430;23030
05/11/2019;23080;23190;23000;23190
06/11/2019;23110;23300;23030;23030
07/11/2019;23310;23590;23030;23480
08/11/2019;23590;23710;23260;23310
11/11/2019;23280;23650;23200;23310
12/11/2019;23370;23820;23310;23760
13/11/2019;23820;24220;23820;24220
14/11/2019;24270;24270;23760;23990
15/11/2019;24070;24100;23710;23710
18/11/2019;23590;23820;23280;23310
19/11/2019;23310;23540;23200;23510
20/11/2019;23650;23650;23280;23450
21/11/2019;23420;23540;23230;23260
21/11/2019;23420;23540;23230;23260
22/11/2019;23420;23420;22460;22690
25/11/2019;22690;22920;22300;22410
26/11/2019;22750;22890;22460;22580
27/11/2019;22640;23370;22640;23030
28/11/2019;23140;23140;22830;22940
29/11/2019;22860;23090;22860;22860
02/12/2019;22750;22750;22240;22240
03/12/2019;22240;22610;22010;22410
04/12/2019;22410;22890;22350;22780
05/12/2019;22890;22920;22380;22580
06/12/2019;22410;22690;22320;22380
09/12/2019;22580;22580;22380;22580
10/12/2019;22580;22780;22440;22520
11/12/2019;22520;22640;22460;22640
12/12/2019;22920;23140;22690;23140
13/12/2019;23140;23680;23140;23650
16/12/2019;23820;23850;23420;23650
17/12/2019;23590;23650;23310;23400
18/12/2019;23200;24020;23200;23710
19/12/2019;23760;23960;23370;23820
20/12/2019;23710;24160;23710;24130
23/12/2019;24130;25370;24130;25260
24/12/2019;25150;25480;25010;25340
25/12/2019;24890;25540;24890;25510
26/12/2019;25430;25600;24950;24950
27/12/2019;24950;26080;24840;26080
30/12/2019;26130;26610;25960;26020
31/12/2019;26080;26250;25910;26050
02/01/2020;25960;26640;25910;26470
03/01/2020;26730;26810;26360;26360
06/01/2020;26250;26360;25850;25850
07/01/2020;25850;26360;25510;26360
08/01/2020;25960;27040;25850;26590
09/01/2020;26950;28170;26870;28020
10/01/2020;28020;29350;28000;28960
13/01/2020;28220;29070;27940;28280
14/01/2020;28280;29070;28170;28280
15/01/2020;28170;28960;28170;28790
16/01/2020;28790;30540;28790;30480
17/01/2020;30540;30820;29970;30200
20/01/2020;30200;30590;30030;30090
21/01/2020;30090;30760;30090;30480
22/01/2020;30480;31500;30370;31330
30/01/2020;30760;30990;29350;29750
31/01/2020;29520;30260;29070;29070
03/02/2020;28110;31040;27040;30200
04/02/2020;30710;30880;30260;30710
05/02/2020;30990;31160;30200;30200
06/02/2020;30420;30540;29920;30030
07/02/2020;29750;30090;29130;29180
10/02/2020;28730;28900;27720;27720
11/02/2020;27720;29010;27720;28680
12/02/2020;29070;29240;28620;28680
13/02/2020;28620;28790;28170;28450
14/02/2020;28280;28560;28220;28220
17/02/2020;28340;29070;28280;29070
18/02/2020;29300;29690;29070;29350
19/02/2020;29350;29410;28900;28960
20/02/2020;29300;29350;28900;28960
21/02/2020;28960;28960;27520;27940
24/02/2020;27210;27550;26130;26130
25/02/2020;25400;27550;25400;27550
26/02/2020;26870;27260;26440;26530
27/02/2020;26530;26920;26220;26590
28/02/2020;25960;26190;25430;25680
02/03/2020;25910;25910;25400;25480
03/03/2020;26420;26950;25800;26470
04/03/2020;26530;26530;25910;26050
05/03/2020;26280;26670;26250;26330
06/03/2020;25960;26610;25680;26440
09/03/2020;24670;25230;24610;24610
10/03/2020;23990;24840;23310;23930
11/03/2020;24550;24550;22270;22270
12/03/2020;20740;21280;20720;20720
13/03/2020;19280;20720;19280;19760
16/03/2020;19760;20290;18370;18510
17/03/2020;17270;19140;17270;19080
18/03/2020;19190;20040;19160;19500
19/03/2020;19160;19300;18490;18850
20/03/2020;18970;19220;18570;18680
23/03/2020;17500;18010;17390;17390
24/03/2020;17500;18030;17330;17840
25/03/2020;18850;18880;18510;18740
26/03/2020;18630;19300;18150;18800
27/03/2020;18740;19050;18290;18630
30/03/2020;17500;18010;17330;17440
31/03/2020;18060;18150;16650;17410
01/04/2020;17440;18630;17390;18120
03/04/2020;18400;19360;18400;19360
06/04/2020;20150;20720;19810;20720
07/04/2020;21170;21280;20320;20880
08/04/2020;20210;21450;19810;21420
09/04/2020;21420;21790;21250;21280
10/04/2020;21050;21340;20720;20830
13/04/2020;20720;21280;20660;20970
14/04/2020;20910;21200;20210;20600
15/04/2020;20720;21280;20720;21050
16/04/2020;21000;21050;20740;21050
17/04/2020;21360;21560;21000;21110
20/04/2020;21390;21450;20860;20940
21/04/2020;20320;20770;19590;19590
22/04/2020;18680;20910;18680;20430
23/04/2020;20880;21000;20380;20430
24/04/2020;20580;20580;19920;20320
27/04/2020;20430;20550;19810;19810
28/04/2020;19810;20210;19470;19840
29/04/2020;19760;20260;19760;20100
04/05/2020;20100;20550;19810;19920
05/05/2020;19920;20210;19870;19920
06/05/2020;20010;20320;19920;20320
07/05/2020;20490;21220;20490;21200
08/05/2020;21420;22180;21200;21450
11/05/2020;21730;22010;21420;21730
12/05/2020;21620;21820;21420;21760
13/05/2020;21620;22460;21340;22350
14/05/2020;22010;22860;22010;22410
15/05/2020;22460;22640;21680;21790
18/05/2020;21700;21960;21450;21960
19/05/2020;22520;22520;21960;22070
20/05/2020;22010;22180;21730;22100
21/05/2020;22300;22660;22270;22410
22/05/2020;22410;22580;22180;22180
25/05/2020;22180;22460;22010;22380
26/05/2020;22440;23710;22440;23710
27/05/2020;24130;24130;22460;22460
28/05/2020;22580;23120;22460;22970
29/05/2020;22800;22860;22460;22640
01/06/2020;22750;23450;22720;23400
02/06/2020;23420;23650;22860;22890
03/06/2020;23090;23260;22860;23140
04/06/2020;23260;23880;23200;23590
05/06/2020;23590;23820;23280;23760
08/06/2020;24100;24840;23990;24840
09/06/2020;24890;24890;24440;24470
10/06/2020;24330;24890;23990;24550
11/06/2020;24550;24670;22860;22860
12/06/2020;22300;23990;22300;23990
15/06/2020;23880;23880;22520;22520
16/06/2020;23420;23480;22860;22970
17/06/2020;22970;23200;22490;22750
18/06/2020;22750;22920;22580;22860
19/06/2020;23260;23400;22970;23400
22/06/2020;23310;23620;23030;23310
23/06/2020;23170;23340;22860;22970
24/06/2020;22970;23260;22690;22750
25/06/2020;22580;22720;22460;22580
26/06/2020;23090;23090;22410;22520
29/06/2020;22180;22300;21680;21730
30/06/2020;22010;22040;21340;21390
01/07/2020;21560;22240;21390;22130
02/07/2020;22270;22270;21840;22010
03/07/2020;22160;22180;21900;22070
06/07/2020;22240;22690;22070;22640
07/07/2020;22800;23060;22720;22920
08/07/2020;22860;22970;22580;22890
09/07/2020;22890;23650;22890;23480
10/07/2020;23260;23510;23000;23420
13/07/2020;23510;23620;23140;23310
14/07/2020;23060;23310;22970;23280
15/07/2020;23540;23540;23310;23340
16/07/2020;23340;23370;23140;23340
17/07/2020;23370;23620;23370;23480
20/07/2020;23540;23570;23030;23030
21/07/2020;23140;23140;22780;23030
22/07/2020;23140;23140;22300;22580
23/07/2020;22580;22830;22380;22490
24/07/2020;22490;22490;21310;21560
27/07/2020;20320;21340;20070;20070
28/07/2020;20320;21360;20320;21360
29/07/2020;20770;21000;20210;20860
30/07/2020;21170;21170;20320;21000
31/07/2020;20320;21030;20320;20690
03/08/2020;20490;21080;20490;21000
04/08/2020;21450;21450;21170;21390
05/08/2020;21340;22010;21220;21870
06/08/2020;21820;21960;21560;21590
07/08/2020;21590;21790;21420;21510
10/08/2020;21700;21840;21510;21510
11/08/2020;21680;21790;21510;21730
12/08/2020;21790;22210;21790;22130
13/08/2020;22380;22410;22180;22380
14/08/2020;22210;22350;21900;22010
17/08/2020;21960;22010;21700;21840
18/08/2020;22010;22010;21680;21680
19/08/2020;21680;21930;21680;21790
20/08/2020;21790;21930;21590;21590
21/08/2020;21680;22160;21680;21990
24/08/2020;22300;22520;22130;22380
25/08/2020;22520;22580;22240;22300
26/08/2020;22300;22300;22180;22210
27/08/2020;22180;22240;22010;22070
28/08/2020;22300;23140;22180;22890
31/08/2020;22920;23310;22890;23120
01/09/2020;22860;23370;22800;23370
03/09/2020;23420;23820;23260;23820
04/09/2020;23310;23880;23280;23760
07/09/2020;23820;23820;22920;22920
08/09/2020;23030;23140;22610;23060
09/09/2020;22690;23120;22640;23030
10/09/2020;23200;23230;22860;22860
11/09/2020;22860;22940;22720;22830
14/09/2020;22890;23030;22830;22860
15/09/2020;22970;23260;22800;23000
16/09/2020;23090;23090;22830;22890
17/09/2020;22970;23200;22750;22860
18/09/2020;22920;23140;22860;23140
21/09/2020;23260;23420;22970;23030
22/09/2020;22970;23090;22830;22970
23/09/2020;23030;23650;23030;23370
24/09/2020;23260;23450;23030;23090
25/09/2020;23140;23200;22890;23030
28/09/2020;23170;23540;23030;23310
29/09/2020;23420;23680;22920;22940
30/09/2020;22940;23090;22860;23030
01/10/2020;23030;23230;23030;23120
02/10/2020;23140;23400;21730;22940
05/10/2020;23140;23140;22690;22800
06/10/2020;22890;23030;22750;22830
07/10/2020;22800;23090;22750;22830
08/10/2020;22920;22940;22460;22800
09/10/2020;22750;22860;22640;22780
12/10/2020;23510;23680;22970;23120
13/10/2020;23140;23620;22920;23280
14/10/2020;23590;24240;23420;24220
15/10/2020;24530;24530;23820;23850
16/10/2020;23850;24380;23590;23820
19/10/2020;23960;23960;23540;23650
20/10/2020;23420;23990;23420;23710
21/10/2020;23930;24550;23790;23900
22/10/2020;23880;24240;23650;24240
23/10/2020;24500;24500;24160;24160
26/10/2020;23990;24270;23140;23140
27/10/2020;23140;23420;22970;22970
28/10/2020;22860;22970;22180;22180
29/10/2020;21900;22300;21700;21820
30/10/2020;22010;22130;21530;21730
02/11/2020;21730;22070;21730;21960
03/11/2020;22010;22300;22010;22240
04/11/2020;22240;22640;22210;22440
05/11/2020;22410;22440;22040;22040
06/11/2020;22270;22270;21930;22040
09/11/2020;22270;22270;22070;22160
10/11/2020;22520;22580;22240;22240
11/11/2020;22240;22380;22100;22240
12/11/2020;22300;22460;22240;22350
13/11/2020;22410;22750;22380;22750
16/11/2020;22780;23030;22520;22520
17/11/2020;22580;22750;22440;22750
18/11/2020;22750;22780;22580;22610
18/11/2020;22750;22780;22580;22610
19/11/2020;22640;23030;22640;22800
20/11/2020;22970;23280;22970;23260
23/11/2020;23420;23420;22890;23200
24/11/2020;23200;23200;22800;22970
25/11/2020;23140;23400;22890;23310
26/11/2020;23310;24050;23140;24050
27/11/2020;24160;24190;23740;23960
30/11/2020;23960;23990;23540;23540
01/12/2020;23140;23590;23030;23540
02/12/2020;23570;23710;23370;23420
03/12/2020;23450;23650;23370;23480
04/12/2020;23480;23880;23420;23510
07/12/2020;23710;24380;23620;24270
08/12/2020;24440;24440;23960;24100
09/12/2020;24130;24840;24130;24720
10/12/2020;24720;25290;24670;24810
11/12/2020;24780;25850;24610;25850
14/12/2020;26050;26280;25880;26250
15/12/2020;26080;26530;25880;26020
16/12/2020;26020;26780;26020;26760
17/12/2020;26420;26870;26190;26190
18/12/2020;26360;26810;26190;26530
21/12/2020;27040;27090;26250;26780
22/12/2020;26780;26780;26300;26440
23/12/2020;26530;26810;26190;26300
24/12/2020;26300;26420;24780;25680
25/12/2020;25680;26360;25400;26300
28/12/2020;26500;27090;26420;26780
29/12/2020;26760;27460;26700;27290
30/12/2020;27320;27550;27090;27120
31/12/2020;27120;27490;26980;27490
04/01/2021;27410;27810;27410;27700
05/01/2021;27490;27610;27350;27490
06/01/2021;27720;29040;27290;28010
07/01/2021;28010;28640;27840;28070
08/01/2021;28300;28300;27670;27840
11/01/2021;27840;27900;27490;27700
12/01/2021;27700;28120;27490;27980
13/01/2021;28010;28240;27780;27810
14/01/2021;27840;28120;27550;28040
15/01/2021;28300;28410;28040;28040
18/01/2021;28070;28120;27900;27920
19/01/2021;27900;27900;25970;25970
20/01/2021;25970;26690;24390;26120
21/01/2021;26170;26690;25940;26690
22/01/2021;26690;26720;25890;25970
25/01/2021;25830;25940;25480;25600
26/01/2021;25460;25460;23990;24420
27/01/2021;24420;24910;23300;23710
28/01/2021;22380;22960;22070;22070
29/01/2021;20950;23450;20950;22900
01/02/2021;22900;23530;22180;22440
02/02/2021;22330;22930;22130;22590
03/02/2021;23020;23820;22790;23730
04/02/2021;23760;23880;23480;23820
05/02/2021;23820;24160;23710;23990
08/02/2021;23990;24110;22410;23020
09/02/2021;23250;23650;22790;23420
17/02/2021;23450;24160;23450;24160
18/02/2021;24220;24970;23940;24910
19/02/2021;24680;25540;24600;25310
22/02/2021;25310;25540;25080;25110
23/02/2021;25110;25310;24800;25260
24/02/2021;25200;25370;24450;24710
25/02/2021;24910;25140;24220;24650
26/02/2021;24570;25080;24280;25030
01/03/2021;25030;25480;25030;25310
02/03/2021;25540;25600;25170;25280
03/03/2021;25280;25370;25080;25140
04/03/2021;25260;25400;24280;24540
05/03/2021;24540;24850;24110;24340
08/03/2021;24910;24910;24280;24370
09/03/2021;24340;24340;23820;24020
10/03/2021;24110;24220;23760;24110
11/03/2021;24510;25030;24420;24850
12/03/2021;25000;25080;24740;24880
15/03/2021;24970;25030;24570;24680
16/03/2021;24680;24800;24280;24340
17/03/2021;24370;24910;24080;24850
18/03/2021;25260;26000;25000;25830
19/03/2021;25830;26060;25660;25830
22/03/2021;25830;25830;25540;25630
23/03/2021;25540;25570;24740;25080
24/03/2021;24680;24850;24050;24190
25/03/2021;24390;24650;24080;24250
26/03/2021;24080;24340;23250;24160
29/03/2021;24390;24480;24190;24420
30/03/2021;24510;24710;24280;24600
31/03/2021;24650;24940;24570;24650
01/04/2021;24680;25260;24680;25230
02/04/2021;25480;26120;25280;25830
05/04/2021;26170;26350;25890;26140
06/04/2021;26060;26550;25860;26260
07/04/2021;26230;26260;26030;26140
08/04/2021;26170;26290;25660;25720
09/04/2021;25660;25720;25280;25430
12/04/2021;25540;26000;25310;25690
13/04/2021;25830;25890;24970;25060
14/04/2021;24970;25430;24680;25260
15/04/2021;25310;25370;24680;24710
16/04/2021;24600;24970;24020;24110
19/04/2021;24140;24740;23990;24680
20/04/2021;24740;25260;24650;24800
22/04/2021;24800;24800;23530;23530
23/04/2021;23620;24190;23450;24110
26/04/2021;23960;24110;23250;23250
27/04/2021;23250;23420;23070;23160
28/04/2021;23160;23480;23160;23300
29/04/2021;23300;24050;23300;23530
04/05/2021;22960;23990;22960;23710
05/05/2021;23940;24310;23820;24050
06/05/2021;24050;24050;23650;23680
07/05/2021;23300;23650;23250;23330
10/05/2021;23300;23820;23160;23760
11/05/2021;24110;24970;23990;24160
12/05/2021;24110;24510;23990;24480
13/05/2021;24420;24910;24110;24450
14/05/2021;24570;24680;24280;24310
17/05/2021;24390;24680;23940;23990
18/05/2021;23940;23940;23420;23480
19/05/2021;23530;23760;23300;23480
20/05/2021;23480;24050;22960;24020
21/05/2021;24110;25690;24020;25690
24/05/2021;26120;26630;26120;26400
25/05/2021;26400;26890;26090;26800
26/05/2021;26800;27040;26520;26780
27/05/2021;26860;26860;25860;26060
28/05/2021;26170;27380;25770;27060
31/05/2021;27440;28010;27260;27950
01/06/2021;28040;28120;27550;27550
02/06/2021;27150;27520;27090;27210
03/06/2021;27440;28410;27210;28010
04/06/2021;27950;28410;27550;28120
07/06/2021;27840;27900;26170;26860
08/06/2021;26920;27090;25660;25720
09/06/2021;25830;26230;25260;26090
10/06/2021;26090;26170;25200;25200
11/06/2021;25260;25970;24970;25940
14/06/2021;26090;26170;25630;25770
15/06/2021;25770;25920;25260;25770
16/06/2021;25660;26800;25370;26000
17/06/2021;25600;26600;25600;26350
18/06/2021;26550;26690;26230;26490
21/06/2021;26350;26400;25740;25830
22/06/2021;26000;26090;25770;25830
23/06/2021;25770;26630;25770;26060
24/06/2021;26060;26350;25830;25940
25/06/2021;25890;26400;25660;26140
28/06/2021;26400;27040;26200;26920
29/06/2021;26980;27490;26750;26920
30/06/2021;26920;27240;26890;27120
01/07/2021;27260;27350;26890;27150
02/07/2021;27260;27410;26920;27010
05/07/2021;27010;27010;25940;26780
06/07/2021;26920;27900;25260;25260
07/07/2021;25540;26200;25030;26120
08/07/2021;26120;26490;25800;26290
09/07/2021;25940;26400;25260;25770
12/07/2021;25600;25600;23990;24110
13/07/2021;24390;24540;23850;24340
14/07/2021;24390;24510;23530;24450
15/07/2021;24140;24770;24110;24510
16/07/2021;24570;24680;24390;24390
19/07/2021;23590;24050;22760;22760
20/07/2021;22790;23530;22330;23530
21/07/2021;23760;23760;23250;23360
22/07/2021;23300;23590;23300;23530
23/07/2021;23480;23820;23070;23070
26/07/2021;22960;23160;22670;22960
27/07/2021;23190;23420;23050;23070
28/07/2021;23070;23250;22960;23250
29/07/2021;23420;23530;23300;23530
30/07/2021;23710;23730;23500;23590
02/08/2021;24110;24650;24110;24420
03/08/2021;24280;24880;24160;24880
04/08/2021;24910;24970;24510;24680
05/08/2021;24450;24970;24280;24650
06/08/2021;24650;24910;24450;24620
09/08/2021;24420;24770;24310;24770
10/08/2021;24820;24970;24710;24850
11/08/2021;24850;25310;24620;24740
12/08/2021;24880;24910;24570;24570
13/08/2021;24480;24680;23990;24420
16/08/2021;24310;24970;24110;24850
17/08/2021;25030;25030;24570;24650
18/08/2021;24620;24680;24390;24480
19/08/2021;24450;24450;24190;24390
20/08/2021;24450;24620;22960;23250
23/08/2021;23250;23420;22560;22560
24/08/2021;22560;22790;22330;22620
25/08/2021;22670;22700;22380;22640
26/08/2021;22760;22760;21810;22160
27/08/2021;22100;22380;21700;22210
30/08/2021;22380;22670;22270;22640
31/08/2021;22730;22730;22360;22360
01/09/2021;22270;22440;22180;22380
06/09/2021;22410;22670;22360;22440
07/09/2021;22560;23070;22470;22790
08/09/2021;23070;23190;22670;22730
09/09/2021;22730;22840;22700;22840
10/09/2021;22960;22960;22730;22760
13/09/2021;22760;22760;22380;22470
14/09/2021;22440;22470;22160;22210
15/09/2021;22160;22380;22160;22270
16/09/2021;22440;22670;22410;22620
17/09/2021;22730;23220;22730;22960
20/09/2021;22990;23130;22900;22900
21/09/2021;22670;22840;22500;22760
22/09/2021;22730;22900;22440;22730
23/09/2021;22840;22900;22640;22640
24/09/2021;22670;22840;22640;22790
27/09/2021;22790;23020;22500;22620
28/09/2021;22620;23160;22500;23020
29/09/2021;22990;22990;22560;22900
30/09/2021;22870;22960;22590;22640
01/10/2021;22560;22640;22270;22270
04/10/2021;22300;22730;22100;22330
05/10/2021;22380;22700;22380;22560
06/10/2021;22670;22960;22560;22620
07/10/2021;22620;22670;22470;22470
08/10/2021;22470;22620;22470;22500
11/10/2021;22730;22960;22620;22960
12/10/2021;23070;23390;22990;23100
13/10/2021;23130;23220;22730;22900
14/10/2021;22900;22930;22700;22700
15/10/2021;22700;22870;22670;22670
18/10/2021;22670;22990;22380;22560
19/10/2021;22560;23280;22380;22990
20/10/2021;22990;23070;22560;22820
21/10/2021;22820;22900;22670;22670
22/10/2021;22670;22790;22560;22560
25/10/2021;22730;22730;22500;22500
26/10/2021;22500;22620;22470;22500
27/10/2021;22530;22930;22530;22900
28/10/2021;22960;23070;22790;22870
29/10/2021;22960;23940;22900;23820
01/11/2021;24110;24160;23880;23990
02/11/2021;23990;24390;23880;24080
03/11/2021;24280;25310;24110;24710
04/11/2021;24770;25400;24510;25260
05/11/2021;25260;25480;24820;25030
08/11/2021;25030;25480;24770;25200
09/11/2021;25260;25340;24680;24680
10/11/2021;24740;24970;24310;24680
11/11/2021;24910;24970;24220;24570
12/11/2021;24310;24850;24310;24800
15/11/2021;24880;24970;24110;24570
16/11/2021;24510;24740;24370;24570
17/11/2021;24480;25140;24370;25030
17/11/2021;24480;25140;24370;25030
18/11/2021;25260;25770;24910;25540
19/11/2021;25570;26430;24110;25480
22/11/2021;25480;26520;25260;26140
23/11/2021;26120;26120;25370;25660
24/11/2021;25800;26460;25600;26430
25/11/2021;26630;26630;26000;26030
26/11/2021;26460;26520;25260;26090
29/11/2021;25540;25830;25310;25540
30/11/2021;25770;26200;25030;25480
01/12/2021;25480;25660;25080;25430
02/12/2021;25400;26060;25260;25370
03/12/2021;25540;25540;24110;24110
06/12/2021;24680;24680;23910;24080
07/12/2021;24140;25110;24140;25030
08/12/2021;25080;25430;24940;25260
09/12/2021;25230;25340;25000;25260
10/12/2021;25430;25940;25430;25600
13/12/2021;26120;26290;25890;26120
14/12/2021;26230;26230;25940;26000
15/12/2021;25940;26120;25690;25770
16/12/2021;25830;25830;25260;25770
17/12/2021;25770;26120;25310;25770
20/12/2021;25720;25800;25540;25600
21/12/2021;25540;25630;25140;25140
22/12/2021;25260;25400;24650;24850
23/12/2021;25240;25310;24440;25020
24/12/2021;25020;25680;25020;25380
27/12/2021;25530;25750;25380;25600
28/12/2021;25750;25750;25310;25530
29/12/2021;25780;25780;25460;25530
30/12/2021;25680;25890;25530;25680
31/12/2021;25820;27340;25750;26910
04/01/2022;27270;27560;27020;27120
05/01/2022;27490;27490;26760;26870
06/01/2022;26470;28140;26290;27560
07/01/2022;28030;28610;27310;28430
10/01/2022;28430;29230;28140;28180
11/01/2022;28140;28940;27780;28580
12/01/2022;28580;30570;28580;30570
13/01/2022;30820;32710;30820;31910
14/01/2022;31400;32710;31400;32090
17/01/2022;31910;34090;31620;31660
18/01/2022;31480;32960;31480;32560
19/01/2022;32670;33220;31590;31660
20/01/2022;31260;33870;30640;33870
21/01/2022;34120;35390;33730;34340
24/01/2022;34020;35180;33980;34020
25/01/2022;33580;35540;33290;35540
26/01/2022;35900;36230;34890;34890
27/01/2022;34810;35180;34380;34520
28/01/2022;34520;35540;34310;34780
07/02/2022;35100;35250;34230;34380
08/02/2022;34380;35100;33730;34340
09/02/2022;34310;35470;34090;35100
10/02/2022;35250;35470;34810;35100
11/02/2022;34960;35180;34670;34740
14/02/2022;34230;34520;32460;32460
15/02/2022;32530;33580;32200;33510
16/02/2022;33440;33440;32420;32750
17/02/2022;33150;33360;32420;33360
18/02/2022;32960;33400;32420;32420
21/02/2022;32490;32960;31700;32820
22/02/2022;32560;33360;32420;33360
23/02/2022;33730;34020;33000;33070
24/02/2022;32850;33040;31620;32350
25/02/2022;32350;33070;32280;32310
28/02/2022;32130;32310;31700;31700
01/03/2022;31730;32640;31620;31980
02/03/2022;31700;31910;30720;30790
03/03/2022;30720;31330;30460;31040
04/03/2022;31040;31550;30820;31400
07/03/2022;31040;31040;30570;30640
08/03/2022;30320;30860;30030;30170
09/03/2022;30170;30390;29370;29370
10/03/2022;30100;30460;29700;29700
11/03/2022;29700;30350;29700;30350
14/03/2022;30350;30610;29950;29950
15/03/2022;29950;30610;29740;30530
16/03/2022;30680;30680;30100;30170
17/03/2022;30610;32090;29740;31550
18/03/2022;31700;32350;31550;31840
21/03/2022;31840;31980;31400;31770
22/03/2022;31770;31880;31330;31550
23/03/2022;31510;32200;31300;31480
24/03/2022;31480;31510;31190;31260
25/03/2022;31300;31800;30900;31510
28/03/2022;31190;31510;30060;30170
29/03/2022;30240;30820;30100;30750
30/03/2022;30530;32640;30240;31590
31/03/2022;31730;31880;31480;31550
01/04/2022;31550;32280;31480;32170
04/04/2022;32600;32600;32090;32090
05/04/2022;31550;31770;31300;31400
06/04/2022;31190;31770;30930;31550
07/04/2022;31550;32170;31220;31220
08/04/2022;31190;31330;30320;30390
12/04/2022;30680;30680;29340;29340
13/04/2022;29370;30030;29080;29660
14/04/2022;30030;30030;29370;29370
15/04/2022;29450;29880;28290;28500
18/04/2022;28680;28790;27420;27520
19/04/2022;27820;28430;27200;27520
20/04/2022;27520;28140;27450;27520
21/04/2022;27490;28100;27310;27920
22/04/2022;28000;28360;27560;27920
25/04/2022;27920;28000;26000;26000
26/04/2022;25490;27020;25490;26760
27/04/2022;26840;27200;26440;26980
28/04/2022;26980;26980;26620;26620
29/04/2022;26730;27380;26690;27020
04/05/2022;27020;27340;26800;27020
05/05/2022;27270;27710;26840;27710
06/05/2022;27090;27450;26840;26840
09/05/2022;26540;26760;24990;24990
10/05/2022;24730;26040;24300;25960
11/05/2022;25930;26180;25420;26180
12/05/2022;25680;25960;24370;24370
13/05/2022;24510;24660;23060;23060
16/05/2022;24080;24120;23350;23350
17/05/2022;23570;24990;23240;24990
18/05/2022;25310;25750;24800;25310
19/05/2022;24660;25380;24590;25130
20/05/2022;24950;25310;24880;25020
23/05/2022;24950;25170;23930;24190
24/05/2022;24440;24550;24010;24480
25/05/2022;24660;25460;24660;25310
26/05/2022;25820;25930;25380;25460
27/05/2022;25460;25680;25310;25600
30/05/2022;25750;26000;25530;25930
31/05/2022;25750;25820;25380;25600
01/06/2022;25460;25780;25350;25490
02/06/2022;25490;25530;25020;25170
03/06/2022;25170;25200;24660;24910
06/06/2022;24910;25130;24510;24800
07/06/2022;24730;24800;24010;24370
08/06/2022;24440;25240;24410;24880
09/06/2022;24910;25200;24730;25020
10/06/2022;24700;24880;24510;24510
13/06/2022;23970;24190;23170;23170
14/06/2022;23140;23790;22560;23430
15/06/2022;23210;23570;22480;23210
16/06/2022;23210;23790;23210;23430
17/06/2022;23170;23170;22630;22920
20/06/2022;22990;23060;21400;21400
21/06/2022;21110;22230;21000;21980
22/06/2022;21980;22920;21610;22120
23/06/2022;22120;22480;21800;22480
24/06/2022;22630;23390;22560;22630
27/06/2022;22700;23060;22590;23030
28/06/2022;22920;24620;22920;24410
29/06/2022;23930;25310;23930;25310
30/06/2022;25380;25380;24300;24300
01/07/2022;23860;25890;23280;25420
04/07/2022;25750;25930;25310;25420
05/07/2022;25420;27200;25380;26330
06/07/2022;25960;26760;25750;25820
07/07/2022;25680;26580;24880;26330
08/07/2022;26400;26440;25380;25380
11/07/2022;25310;25490;23930;25020
12/07/2022;24910;26470;24800;26400
13/07/2022;26260;26980;25960;26150
14/07/2022;25960;26760;25930;26220
15/07/2022;26180;26650;25960;25960
18/07/2022;26110;26110;25680;25750
19/07/2022;25750;26000;25380;25860
20/07/2022;26260;26760;26070;26400
21/07/2022;26260;26730;26260;26470
22/07/2022;26760;26760;25750;25750
25/07/2022;25750;26040;25240;25680
26/07/2022;25960;26110;25750;25780
27/07/2022;25780;25860;25380;25780
28/07/2022;26110;26730;25890;26470
29/07/2022;26620;27490;26580;27050
01/08/2022;27120;28290;27050;28290
02/08/2022;28000;28290;27710;27920
03/08/2022;27520;28500;27490;28500
04/08/2022;28500;28760;27920;28500
05/08/2022;28430;28430;27920;28290
08/08/2022;28290;28470;28070;28140
09/08/2022;28140;28430;28000;28030
10/08/2022;27920;28140;27850;27850
11/08/2022;28290;28500;27710;27780
12/08/2022;27780;28430;27670;28430
15/08/2022;28500;29840;28500;29740
16/08/2022;29700;29810;29370;29370
17/08/2022;29370;29450;29010;29010
18/08/2022;28790;29080;28720;28720
19/08/2022;28680;29010;28430;28540
22/08/2022;28540;28540;27820;27890
23/08/2022;27820;28650;27710;28650
24/08/2022;28790;28870;28250;28500
25/08/2022;28290;28650;28250;28500
26/08/2022;28500;29120;28500;28580
29/08/2022;28000;28500;27670;28290
30/08/2022;28320;29340;28290;28870
31/08/2022;28870;29160;28720;29010
05/09/2022;29010;29050;28470;28650
06/09/2022;28650;29410;28610;29050
07/09/2022;28940;28940;27420;27420
08/09/2022;27490;27820;26540;26620
09/09/2022;26620;26910;26220;26840
12/09/2022;26840;27200;26690;26760
13/09/2022;26760;27020;26580;26690
14/09/2022;26110;26470;26070;26470
15/09/2022;26470;26690;25860;25930
16/09/2022;26110;26260;25750;25750
19/09/2022;25710;25710;24730;24800
20/09/2022;24880;25570;24880;25490
21/09/2022;25240;25460;25200;25200
22/09/2022;25060;25600;24990;25490
23/09/2022;25820;25820;25020;25200
26/09/2022;24730;24840;23500;24220
27/09/2022;24300;24700;23930;24440
28/09/2022;24440;24590;24190;24300
29/09/2022;24660;24730;24260;24300
30/09/2022;23790;24590;23430;24590
03/10/2022;24010;24370;22880;22880
04/10/2022;23210;23240;22410;22480
05/10/2022;23060;23210;22700;23060
06/10/2022;23170;23170;22480;22480
07/10/2022;22120;22190;20960;21180
10/10/2022;20420;22080;20310;21760
11/10/2022;21760;21760;20670;20670
12/10/2022;21030;22080;20820;22080
13/10/2022;22160;23540;22080;23540
14/10/2022;23930;24080;23640;23930
17/10/2022;23900;23900;22990;23720
18/10/2022;23930;24260;23720;23790
19/10/2022;23790;24300;23500;23930
20/10/2022;23640;24660;23570;24040
21/10/2022;24040;24040;23280;23640
24/10/2022;23900;23900;22010;22010
25/10/2022;21760;23540;21250;22700
26/10/2022;22850;23570;22700;22990
27/10/2022;23060;24590;23060;24590
28/10/2022;24880;25350;24510;24510
31/10/2022;24510;25280;24440;25060
01/11/2022;25100;25490;24660;24700
02/11/2022;24700;24910;24330;24440
03/11/2022;24040;24510;23930;23930
04/11/2022;23930;24410;22880;24150
07/11/2022;23790;24730;23790;24150
08/11/2022;23930;25380;23930;25310
09/11/2022;25460;26690;25420;26220
10/11/2022;26070;26070;24410;25170
11/11/2022;26110;26470;25680;26110
14/11/2022;25820;26760;25310;26040
15/11/2022;25380;25930;24220;24220
16/11/2022;23140;25890;22880;25890
16/11/2022;23140;25890;22880;25890
17/11/2022;26260;26470;25750;25860
18/11/2022;25860;26150;24660;26070
21/11/2022;26470;26470;25750;25750
22/11/2022;25100;26650;25100;26440
23/11/2022;26400;27560;26070;27120
24/11/2022;26980;27850;26690;27560
25/11/2022;27850;29010;27710;29010
28/11/2022;29010;29450;28290;28650
29/11/2022;28650;29740;28180;29740
30/11/2022;29740;30680;28650;29810
01/12/2022;29810;30100;28290;28290
02/12/2022;28290;29950;28250;29880
05/12/2022;30030;30460;29410;29920
06/12/2022;29810;29810;28360;28360
07/12/2022;28650;28650;27920;28290
08/12/2022;28430;29880;28140;28290
09/12/2022;28210;28650;27780;28430
12/12/2022;28580;28940;27630;27630
13/12/2022;27600;28650;27600;28070
14/12/2022;28790;28790;28140;28140
15/12/2022;28000;28900;28000;28290
16/12/2022;28030;28650;28030;28210
19/12/2022;28140;29370;28140;28140
20/12/2022;28140;28290;27200;27920
21/12/2022;28180;28720;27890;28000
22/12/2022;28180;28940;28100;28290
23/12/2022;28650;28650;28290;28290
26/12/2022;28290;28360;28100;28140
27/12/2022;28140;29010;28070;29010
28/12/2022;29080;30750;28720;30390
29/12/2022;30460;30530;29010;29010
30/12/2022;29190;30100;28000;28000
03/01/2023;28500;29880;28320;29880
04/01/2023;29880;30610;29300;29590
05/01/2023;29740;29810;29190;29560
06/01/2023;29560;30790;29450;30210
09/01/2023;30610;30610;29630;29740
10/01/2023;30170;30240;29560;29950
11/01/2023;30170;30610;29660;29920
12/01/2023;29990;30430;29740;30060
13/01/2023;30170;30610;30170;30320
16/01/2023;30460;32420;30430;32420
17/01/2023;32640;32850;32350;32600
18/01/2023;32560;33040;32490;32710
19/01/2023;32710;33580;32600;33330
27/01/2023;33730;33800;32280;32310
30/01/2023;31910;32560;31910;32280
31/01/2023;32090;32710;31590;32710
01/02/2023;32890;33000;30900;31040
02/02/2023;31010;31620;30530;31300
03/02/2023;31550;31770;31300;31440
06/02/2023;31400;32640;31120;32640
07/02/2023;32640;32890;31700;31770
08/02/2023;31840;32820;31840;32280
09/02/2023;32280;32640;31910;31910
10/02/2023;32200;32310;31150;31150
13/02/2023;31150;32200;31150;32200
14/02/2023;32280;32280;31400;31480
15/02/2023;31300;32240;31300;31910
16/02/2023;32420;32640;31910;32640
17/02/2023;32640;33220;32600;33220
20/02/2023;33220;34340;33220;34230
21/02/2023;34230;34310;33540;33540
22/02/2023;33250;33360;32640;32640
23/02/2023;32600;33040;31700;33040
24/02/2023;32670;33040;32200;32350
27/02/2023;32280;32280;31620;32090
28/02/2023;32090;32350;31950;31980
01/03/2023;31910;33110;31770;33110
02/03/2023;33110;33730;32930;33650
03/03/2023;33650;33730;32820;33290
06/03/2023;33290;34090;32850;33220
07/03/2023;33000;34160;33000;34020
08/03/2023;33650;34810;33290;34810
09/03/2023;34810;34810;34120;34560
10/03/2023;34420;34420;34050;34200
13/03/2023;33800;34020;33540;33540
14/03/2023;33440;33620;32460;32670
15/03/2023;33360;34380;32960;33940
16/03/2023;33400;34020;33400;33540
17/03/2023;34090;34090;33360;33580
20/03/2023;33360;33360;32640;32890
21/03/2023;32930;33180;32490;32890
22/03/2023;33180;33510;32960;33440
23/03/2023;32850;33360;32850;33290
24/03/2023;33290;33580;33000;33040
27/03/2023;33040;33470;32640;33360
28/03/2023;33730;33940;33360;33360
29/03/2023;33360;33620;33040;33510
30/03/2023;33540;33800;33510;33510
31/03/2023;33510;34090;33400;33510
03/04/2023;33830;33940;33220;33290
04/04/2023;33290;33470;33150;33360
05/04/2023;33360;33580;32850;33000
06/04/2023;33000;33730;32850;33360
07/04/2023;33180;33360;33000;33110
10/04/2023;33220;33220;32420;32420
11/04/2023;32240;32380;32020;32200
12/04/2023;32280;32490;32060;32200
13/04/2023;32200;32640;32200;32600
14/04/2023;32640;32640;32240;32240
17/04/2023;32240;32710;32200;32640
18/04/2023;32490;32640;32130;32350
19/04/2023;32460;32460;32060;32200
20/04/2023;32170;32350;32020;32350
21/04/2023;32350;32350;32060;32060
24/04/2023;32060;32060;31700;31700
25/04/2023;31620;31840;31300;31590
26/04/2023;31550;32130;31330;31980
27/04/2023;31980;31980;31550;31840
28/04/2023;31880;31980;31550;31550
04/05/2023;31550;32060;31400;31730
05/05/2023;31770;31800;31510;31510
08/05/2023;31590;33000;31590;32420
09/05/2023;32420;32890;32420;32710
10/05/2023;32850;32850;32280;32640
11/05/2023;32640;32820;32490;32640
12/05/2023;32640;32710;32310;32640
15/05/2023;33360;33360;32560;32560
16/05/2023;32710;32710;32460;32640
17/05/2023;32640;32710;32490;32490
18/05/2023;32560;32600;32280;32380
19/05/2023;32350;32600;32130;32200
22/05/2023;32200;32600;32200;32200
23/05/2023;32560;32560;31800;31800
24/05/2023;31910;31910;31550;31550
25/05/2023;31550;31910;31510;31730
26/05/2023;31980;31980;31480;31480
29/05/2023;31880;31880;31480;31840
30/05/2023;31910;31910;31620;31770
31/05/2023;31770;31910;31590;31910
01/06/2023;31910;31910;31660;31840
02/06/2023;31910;32560;31910;32420
05/06/2023;32560;32890;32420;32420
06/06/2023;32640;32640;32130;32490
07/06/2023;32490;32560;32170;32170
08/06/2023;32200;32280;31700;31700
09/06/2023;31770;31950;31260;31510
12/06/2023;31620;31660;31190;31660
13/06/2023;31700;32280;31660;32170
14/06/2023;32350;32420;31910;31910
15/06/2023;31840;32060;31700;31800
16/06/2023;32130;32280;31660;31700
19/06/2023;31770;31800;31400;31400
20/06/2023;31510;31550;31300;31550
21/06/2023;31550;31910;31400;31480
22/06/2023;31700;31950;31480;31880
23/06/2023;31840;32600;31700;32130
26/06/2023;32280;32530;31840;32130
27/06/2023;31980;32240;31910;32130
28/06/2023;32130;32890;32020;32890
29/06/2023;32930;33290;32280;32280
30/06/2023;32280;32490;31440;31440
03/07/2023;31840;32280;31700;32280
04/07/2023;32200;32310;31730;31910
05/07/2023;32060;32460;31950;32170
06/07/2023;32060;32380;31620;31880
07/07/2023;31700;32130;31700;32130
10/07/2023;32200;34050;32060;34050
11/07/2023;34230;34380;33730;33760
12/07/2023;34050;34200;33470;33870
13/07/2023;34020;34450;33760;34020
14/07/2023;34020;34560;33400;33910
17/07/2023;33910;34160;33510;33510
18/07/2023;33510;33870;33510;33870
19/07/2023;34020;34020;33250;33540
20/07/2023;33510;33650;33250;33540
21/07/2023;33540;33910;33440;33910
24/07/2023;34020;34520;33940;33940
25/07/2023;33910;34230;33870;34200
26/07/2023;34200;34850;34200;34340
27/07/2023;34310;34380;33830;33870
28/07/2023;33870;34310;33650;33870
31/07/2023;34090;34420;33870;34230
01/08/2023;34490;35900;34230;34960
02/08/2023;34960;35760;34920;35610
03/08/2023;35610;35650;35100;35210
04/08/2023;35180;35470;34960;35100
07/08/2023;35320;35860;35140;35430
08/08/2023;35470;35860;35210;35280
09/08/2023;35280;35390;34850;34960
10/08/2023;34960;35100;33730;33730
11/08/2023;33730;34020;33070;33870
14/08/2023;34090;34560;33830;34520
15/08/2023;34380;34520;33980;34090
16/08/2023;34050;34520;34020;34450
17/08/2023;34450;34600;34160;34160
18/08/2023;34160;34160;31980;32060
21/08/2023;32350;33980;32280;33070
22/08/2023;32560;33330;32280;33220
23/08/2023;33510;33510;32930;33150
24/08/2023;33150;33440;32890;33220
25/08/2023;33220;33220;32670;32780
28/08/2023;32890;33290;32850;32930
29/08/2023;32930;33440;32890;33220
30/08/2023;33360;33800;33220;33510
31/08/2023;33620;34050;33580;34050
05/09/2023;34090;34600;34090;34450
06/09/2023;34600;34600;34200;34310
07/09/2023;34450;34920;34230;34340
08/09/2023;34450;34490;34050;34090
11/09/2023;34380;34380;33360;33730
12/09/2023;33910;34090;33650;34090
13/09/2023;34160;34340;33730;34090
14/09/2023;34090;34740;33910;33910
15/09/2023;34090;34380;33940;33940
18/09/2023;34090;34090;32850;33180
19/09/2023;33220;33470;32640;32780
20/09/2023;32780;33150;32710;33150
21/09/2023;33150;33400;32710;32780
22/09/2023;32490;33400;32060;33400
25/09/2023;33400;33400;32560;32710
26/09/2023;32850;32850;32060;32170
27/09/2023;32170;32420;32090;32200
28/09/2023;32170;32420;32090;32170
29/09/2023;32200;32460;32060;32170
02/10/2023;32170;32380;31770;31880
03/10/2023;31660;31730;30140;30140
04/10/2023;29740;31150;29740;30820
05/10/2023;30820;31080;30140;30170
06/10/2023;30170;30820;29880;30610
09/10/2023;30610;30680;30320;30430
10/10/2023;30610;30820;30390;30500
11/10/2023;30820;30820;30280;30460
12/10/2023;30500;30750;30390;30570
13/10/2023;30610;30820;30530;30820
16/10/2023;30820;30820;29920;30210
17/10/2023;30390;30610;29950;29950
18/10/2023;29950;29990;29010;29010
19/10/2023;29160;29450;28790;29160
20/10/2023;29160;29370;28680;29370
23/10/2023;29230;29370;29080;29230
24/10/2023;29120;30060;29120;29950
25/10/2023;29950;30170;29560;29560
26/10/2023;29010;29660;28290;29410
27/10/2023;29410;30460;29160;30460
30/10/2023;30390;30390;29740;29740
31/10/2023;29740;30100;29160;29160
01/11/2023;29660;29660;28790;29010
02/11/2023;29630;30210;29450;30210
03/11/2023;30640;30640;30100;30100
06/11/2023;30210;30610;30170;30320
07/11/2023;30460;30460;30100;30320
08/11/2023;30210;31190;30140;31120
09/11/2023;31190;31300;30900;31080
10/11/2023;30750;31120;30530;30610
13/11/2023;30610;30970;30430;30530
14/11/2023;30640;31510;30640;31190
15/11/2023;31480;32020;31330;32020
15/11/2023;31480;32020;31330;32020
16/11/2023;32090;32200;31510;31730
17/11/2023;31910;31910;30860;31120
20/11/2023;30460;31800;30460;31300
21/11/2023;31700;31880;31190;31880
22/11/2023;31880;31910;31480;31620
23/11/2023;31910;31910;31190;31190
24/11/2023;31190;31660;30750;31660
27/11/2023;31660;31660;31040;31190
28/11/2023;31880;31880;31220;31750
29/11/2023;31880;32119;31790;32119
30/11/2023;31880;32280;31710;31750
01/12/2023;31790;32280;31750;32200
04/12/2023;32280;32530;32159;32530
05/12/2023;32530;32610;32200;32409
06/12/2023;32409;33020;32200;32689
07/12/2023;32980;33510;32689;33180
08/12/2023;33180;34330;33180;34240
11/12/2023;34330;34490;33800;33840
12/12/2023;33920;34370;33670;34240
13/12/2023;34240;34330;33180;34000
14/12/2023;34040;34160;33760;34000
15/12/2023;33880;34080;33710;33920
18/12/2023;33550;33920;33100;33510
19/12/2023;33510;33920;33140;33670
20/12/2023;34240;34330;33350;33760
21/12/2023;33430;34240;33430;34160
22/12/2023;34160;34700;33840;34700
25/12/2023;34740;35390;34330;35310
26/12/2023;35310;35590;34900;35140
27/12/2023;34980;35310;34980;35140
28/12/2023;35140;35270;34900;34900
29/12/2023;34900;35470;34570;35470
02/01/2024;35470;35640;34900;35140
03/01/2024;35470;36040;35140;35800
04/01/2024;35880;36780;35640;35680
05/01/2024;35720;36740;35720;36370
08/01/2024;36620;38010;36490;37920
09/01/2024;38410;38410;37640;37640
10/01/2024;37640;39070;37600;38740
11/01/2024;38580;38620;37760;38010
12/01/2024;37520;38580;36820;37600
15/01/2024;37640;38410;37640;38090
16/01/2024;37640;38370;37640;38330
17/01/2024;38050;38410;37840;38290
18/01/2024;38290;39110;38130;38820
19/01/2024;39150;40740;38580;40740
22/01/2024;40830;41030;39800;40700
23/01/2024;40460;40700;39760;40380
24/01/2024;39640;40210;39600;39970
25/01/2024;39970;40660;39560;39560
26/01/2024;39560;40010;39560;40010
29/01/2024;39970;40210;39640;39800
30/01/2024;39880;39970;39390;39600
31/01/2024;39640;39880;38820;38990
01/02/2024;38820;39190;38540;38620
02/02/2024;38660;38820;38170;38330
05/02/2024;38490;40380;38450;39760
06/02/2024;39880;39880;39230;39880
07/02/2024;39880;40090;39720;40010
15/02/2024;40010;40250;39600;40010
16/02/2024;40050;40050;39480;39680
19/02/2024;39840;41110;39440;40290
20/02/2024;40460;41030;40380;40380
21/02/2024;40660;40700;39970;40660
22/02/2024;40700;40780;40460;40660
23/02/2024;40700;43480;40290;42500
26/02/2024;43150;44540;42500;43810
27/02/2024;43890;44140;43320;43320
28/02/2024;43480;44790;42740;44050
29/02/2024;44050;44140;43320;43320
01/03/2024;43560;44380;42830;43730
04/03/2024;43810;44540;42910;43730
05/03/2024;43730;44460;43240;44460
06/03/2024;44140;44790;43730;44460
07/03/2024;44460;44460;43480;43560
08/03/2024;43640;43640;40540;41760
11/03/2024;42340;42830;41270;41270
12/03/2024;41360;42580;41270;42500
13/03/2024;42660;42990;42340;42990
14/03/2024;43730;43730;42010;42260
15/03/2024;42170;43150;41680;42660
18/03/2024;42500;43150;40780;42500
19/03/2024;42580;42580;41680;42170
20/03/2024;42170;43400;41270;43320
21/03/2024;43480;43640;43150;43320
22/03/2024;43560;46340;43560;44300
25/03/2024;44300;45360;43070;43320
26/03/2024;43320;44050;43320;43320
27/03/2024;43560;43560;42910;42910
28/03/2024;43480;44050;42910;42990
29/03/2024;43480;43480;42500;42580
01/04/2024;42660;43070;42260;42580
02/04/2024;42420;42830;42090;42420
03/04/2024;42500;42740;41680;41680
04/04/2024;42340;42340;41680;41680
05/04/2024;41600;41600;41030;41030
08/04/2024;41030;42170;40860;41520
09/04/2024;41760;43070;41520;43070
10/04/2024;43150;43150;42420;42500
11/04/2024;42090;43640;41930;43320
12/04/2024;43320;44540;43150;43640
15/04/2024;43560;44540;40620;40620
16/04/2024;40620;41850;40420;41110
17/04/2024;41600;41680;39230;39310
19/04/2024;39150;40460;38490;39520
22/04/2024;39880;40950;39880;40950
23/04/2024;40210;41270;39640;40380
24/04/2024;40420;41190;40330;40860
25/04/2024;40660;41110;40290;40540
26/04/2024;40540;40950;40130;40210
02/05/2024;40290;40620;39930;40210
03/05/2024;40580;40780;40050;40210
06/05/2024;40290;41270;40290;41270
07/05/2024;41360;41680;40860;40860
08/05/2024;40950;41520;40700;40700
09/05/2024;41110;41110;40460;40460
10/05/2024;40540;40660;40010;40090
13/05/2024;40210;40460;39640;39720
14/05/2024;39880;40210;39270;39310
15/05/2024;39600;40010;39520;39720
16/05/2024;40170;41110;40090;40540
17/05/2024;40580;40620;40210;40330
20/05/2024;40540;41440;40460;40540
21/05/2024;40860;41110;40380;40860
22/05/2024;41270;41850;40660;40700
23/05/2024;40700;41030;40380;40460
24/05/2024;40540;41360;39640;40210
27/05/2024;40380;40380;39680;39970
28/05/2024;40050;40210;39720;40130
29/05/2024;40420;40420;39720;39720
30/05/2024;39560;39640;38740;38990
31/05/2024;38990;39480;38490;38490
03/06/2024;39150;39600;38580;38660
04/06/2024;39110;39390;38860;38900
05/06/2024;39150;39390;38940;38940
06/06/2024;38990;39310;38990;39150
07/06/2024;39310;39480;38990;39030
10/06/2024;39110;39680;38860;38940
11/06/2024;39070;39110;38580;38700
12/06/2024;38900;39190;38410;39150
13/06/2024;39520;39520;39150;39520
14/06/2024;39560;39840;38820;38820
17/06/2024;38820;38820;38010;38010
18/06/2024;38170;38450;38010;38010
19/06/2024;38250;38250;37470;37680
20/06/2024;37600;37760;37060;37190
21/06/2024;37270;37960;37230;37270
24/06/2024;37600;37880;36780;36780
25/06/2024;37110;37350;35590;36120
26/06/2024;36170;36620;35960;36370
27/06/2024;36530;36780;36040;36040
28/06/2024;36040;36450;35350;35350
01/07/2024;35390;35880;35140;35880
02/07/2024;36170;37430;36000;37390
03/07/2024;37600;38580;37230;38580
04/07/2024;38410;38740;38250;38660
05/07/2024;38700;39390;38490;38660
08/07/2024;38860;39070;38210;38410
09/07/2024;38820;39230;38330;38820
10/07/2024;39110;39150;38330;38330
11/07/2024;38780;38780;38250;38250
12/07/2024;38330;38580;37800;38090
15/07/2024;38410;38450;37840;38050
16/07/2024;38250;39480;38010;38540
17/07/2024;39150;40860;38860;39230
18/07/2024;39720;40290;39110;39640
19/07/2024;39880;40050;38820;38990
22/07/2024;38990;39800;38580;38990
23/07/2024;39070;39440;36370;37600
24/07/2024;36780;38290;36780;37680
25/07/2024;37960;37960;37190;37600
26/07/2024;37840;38050;37470;37800
29/07/2024;37880;38620;37880;38490
30/07/2024;38700;38700;38010;38250
31/07/2024;38410;39560;38330;38900
01/08/2024;39150;39970;38250;38250
02/08/2024;38010;39030;38010;39030
05/08/2024;38330;38580;36780;37680
06/08/2024;37920;38940;37470;38210
07/08/2024;38740;38740;37600;37920
08/08/2024;38010;38250;37350;37600
09/08/2024;38410;38410;37880;38170
12/08/2024;38170;38700;38010;38250
13/08/2024;38410;38540;38010;38130
14/08/2024;38250;39030;38250;38450
15/08/2024;38450;38780;38130;38130
16/08/2024;38210;39270;38210;38820
19/08/2024;39070;39640;38900;39150
20/08/2024;39480;40210;39350;40170
21/08/2024;40420;41520;40090;41360
22/08/2024;41680;41930;40780;41110
23/08/2024;41030;41520;40950;41270
26/08/2024;41520;41600;40950;41030
27/08/2024;41110;41110;40130;40540
28/08/2024;40540;41110;40460;40540
29/08/2024;40290;41360;40290;40290
30/08/2024;40500;40620;39970;39970
04/09/2024;39640;40420;39350;40010
05/09/2024;39840;40460;39720;39800
06/09/2024;39800;40460;39760;40290
09/09/2024;40210;40500;39970;40090
10/09/2024;40290;40290;39600;39640
11/09/2024;39600;39760;39230;39480
12/09/2024;39640;39800;39520;39520
13/09/2024;39390;39680;39390;39390
16/09/2024;39390;39720;39030;39030
17/09/2024;39070;39800;38820;39800
18/09/2024;39880;40420;39640;40090
19/09/2024;40210;40380;39880;40250
20/09/2024;40460;40780;40090;40090
23/09/2024;40090;40380;39800;39800
24/09/2024;40010;40250;39640;40250
25/09/2024;40620;41190;40330;40860
26/09/2024;41110;41520;40740;40860
27/09/2024;41110;42260;40860;40950
30/09/2024;40950;41030;40540;40620
01/10/2024;40620;41440;40620;40620
02/10/2024;40620;41030;40540;40700
03/10/2024;40700;41520;40460;40460
04/10/2024;40460;40540;40170;40210
07/10/2024;40460;40460;40050;40090
08/10/2024;40090;40330;39880;39970
09/10/2024;40210;40540;39880;40420
10/10/2024;40830;40830;40380;40660
11/10/2024;40740;40740;40290;40380
14/10/2024;40460;40660;40380;40380
15/10/2024;40460;41680;40460;40860
16/10/2024;40860;41270;40700;40740
17/10/2024;41030;41110;40500;41110
18/10/2024;41440;41680;41110;41110
21/10/2024;40860;41030;40580;40580
22/10/2024;40620;40620;39800;39840
23/10/2024;39840;39840;39230;39560
24/10/2024;39310;39930;39230;39230
25/10/2024;39270;39480;38820;38820
28/10/2024;38820;39030;38660;38820
29/10/2024;38990;39600;38820;38860
30/10/2024;38940;39390;38940;38990
31/10/2024;39230;39600;38940;39030
01/11/2024;39230;39310;38860;39030
04/11/2024;39030;39390;38860;38990
05/11/2024;38990;39150;38700;38740
06/11/2024;38900;39350;38900;39270
07/11/2024;39560;39560;38900;38900
08/11/2024;38990;39150;38410;38740
11/11/2024;38740;38820;37920;38010
12/11/2024;38010;38290;37840;37840
13/11/2024;37840;38010;37470;37720
14/11/2024;37800;37800;37190;37190
14/11/2024;37800;37800;37190;37190
15/11/2024;37270;37270;36530;36530
18/11/2024;36490;37270;36330;36330
19/11/2024;36940;36940;36450;36450
20/11/2024;36530;37470;36370;36780
21/11/2024;36860;37310;36860;37060
22/11/2024;37430;37430;36980;37350
25/11/2024;37350;37430;37190;37230
26/11/2024;37190;37800;37190;37800
27/11/2024;37800;37960;37640;37880
28/11/2024;38010;38050;37680;37680
29/11/2024;37680;38210;37470;38210
02/12/2024;38330;38490;38010;38010
03/12/2024;38010;38010;37640;37640
04/12/2024;37680;37720;36900;36900
05/12/2024;37020;38250;37020;37600
06/12/2024;37920;38370;37920;38090
09/12/2024;38130;38410;38090;38170
10/12/2024;38250;38700;38210;38210
11/12/2024;38370;38410;38010;38090
12/12/2024;38170;38540;38090;38090
13/12/2024;38050;38250;37920;37920
16/12/2024;38410;38620;38170;38210
17/12/2024;38410;38540;38090;38090
18/12/2024;38290;38410;38170;38290
19/12/2024;38130;38210;37920;37960
20/12/2024;38010;38170;37880;37960
23/12/2024;38470;38570;38080;38170
24/12/2024;38270;38420;37630;37680
25/12/2024;37780;39360;37680;38220
26/12/2024;38520;38920;38370;38570
27/12/2024;38820;39070;38670;38720
30/12/2024;38670;38720;37830;37830
31/12/2024;38080;38320;37140;37140
02/01/2025;37780;38220;37480;37780
03/01/2025;37780;38170;37780;37780
06/01/2025;37880;38720;37780;38370
07/01/2025;38670;40060;38620;39960
08/01/2025;39960;39960;39210;39910
09/01/2025;39460;39610;38920;39510
10/01/2025;39460;39460;38670;38670
13/01/2025;38670;38920;37980;38870
14/01/2025;38770;38770;38470;38570
15/01/2025;38770;38770;38170;38770
16/01/2025;38770;39070;38620;38970
17/01/2025;38770;39070;38620;39070
20/01/2025;39020;39660;38970;39460
21/01/2025;39610;39610;39070;39360
22/01/2025;39360;39360;39020;39070
23/01/2025;39070;39660;39020;39460
24/01/2025;39460;39560;39310;39560
03/02/2025;39260;39460;38670;38970
04/02/2025;39070;39660;38720;39210
05/02/2025;39460;39510;39120;39160
06/02/2025;39210;39560;39160;39360
07/02/2025;39360;40350;39360;40060
10/02/2025;40060;40750;39660;39910
11/02/2025;40060;40300;39660;40010
12/02/2025;39910;40010;39460;39560
13/02/2025;39560;39810;39460;39560
14/02/2025;39910;40400;39710;40200
17/02/2025;40200;40200;39710;39760
18/02/2025;39660;40200;39610;40060
19/02/2025;40060;40450;39960;40400
20/02/2025;40550;40600;40200;40450
21/02/2025;40400;40600;40200;40450
24/02/2025;40450;40940;40250;40650
25/02/2025;40700;40900;40550;40800
26/02/2025;40750;40800;40500;40750
27/02/2025;40750;40850;40450;40500
28/02/2025;40500;40500;40250;40500
03/03/2025;40500;40750;40400;40500
04/03/2025;40350;40450;39960;40350
05/03/2025;40250;40700;40010;40200
06/03/2025;40200;40450;40100;40350
07/03/2025;40350;40700;40250;40700
10/03/2025;40850;41540;40750;40940
11/03/2025;40500;40940;40300;40940
12/03/2025;40900;40940;40400;40450
13/03/2025;40450;40450;39660;39760
14/03/2025;39760;39960;39610;39960
17/03/2025;39960;40100;39710;39910
18/03/2025;40060;40150;39560;39560
19/03/2025;39760;39760;39120;39360
20/03/2025;39120;39460;39120;39360
21/03/2025;39160;39360;39020;39020
24/03/2025;39020;39070;38570;38670
25/03/2025;38770;39260;38770;39260
26/03/2025;39160;39410;38970;39120
27/03/2025;39210;39210;38670;38670
28/03/2025;38720;38820;38620;38670
31/03/2025;38570;38570;38080;38320
01/04/2025;38470;38570;38270;38570
02/04/2025;38820;38820;38270;38270
03/04/2025;36590;37480;35600;35600
04/04/2025;33180;35600;33180;35600
08/04/2025;34620;35110;33130;33130
09/04/2025;30860;34120;30860;32090
10/04/2025;34320;34320;34320;34320
11/04/2025;36490;36490;35160;36350
14/04/2025;36590;36590;35600;36590
15/04/2025;36200;36350;35600;36100
16/04/2025;35700;36000;35310;35600
17/04/2025;34810;35460;34570;35460
18/04/2025;35800;35850;35460;35560
21/04/2025;35560;35600;34710;34860
22/04/2025;34760;34810;32439;34710
23/04/2025;35360;35360;34620;34960
24/04/2025;34960;35060;34520;35060
25/04/2025;34910;35010;34620;34620
28/04/2025;34910;34910;34020;34170
29/04/2025;34220;34370;33970;34170
05/05/2025;34270;34470;33920;34470
06/05/2025;34520;34810;34170;34570
07/05/2025;34420;34520;34220;34520
08/05/2025;34520;35160;34320;35060
09/05/2025;35160;35310;34710;34710
12/05/2025;34710;34910;34620;34860
13/05/2025;35060;35410;34910;35410
14/05/2025;35560;37090;35510;37040
15/05/2025;37090;37280;36740;36990
16/05/2025;36990;37040;36150;36200
19/05/2025;36100;36150;35700;35800
20/05/2025;35850;36000;35460;35800
21/05/2025;35950;36440;35600;35800
22/05/2025;35800;35800;35460;35600
23/05/2025;35600;35600;35110;35460
26/05/2025;35460;35510;34620;35460
27/05/2025;35600;36000;35410;35900
28/05/2025;36540;36540;35650;36100
29/05/2025;36100;36100;35700;36050
30/05/2025;36000;36000;35410;35600
02/06/2025;35410;35460;35110;35310
03/06/2025;35510;35750;35410;35510
04/06/2025;35600;35700;35260;35360
05/06/2025;35510;35510;35060;35110
06/06/2025;35110;35260;34810;34860
09/06/2025;34860;34960;34620;34860
10/06/2025;34860;35060;34810;34810
11/06/2025;34910;35010;34620;34660
12/06/2025;34710;35010;34710;34910
13/06/2025;34660;35850;34620;35160
16/06/2025;35160;35510;35060;35460
17/06/2025;35600;35800;35460;35510
18/06/2025;35510;35650;35210;35260
19/06/2025;35310;35510;35110;35410
20/06/2025;35410;36000;35410;35600
23/06/2025;35260;35600;35160;35460
24/06/2025;35650;35800;35310;35600
25/06/2025;35650;35850;35460;35460
26/06/2025;35510;35560;35210;35310
27/06/2025;35310;36250;35310;35700
30/06/2025;35950;35950;35800;35900
01/07/2025;35950;36440;35850;36200
02/07/2025;36200;36250;35900;36000
03/07/2025;36100;36400;35750;35900
04/07/2025;36050;36300;35900;36150
07/07/2025;36250;36790;36250;36790
08/07/2025;36790;37090;36590;37090
09/07/2025;37240;38030;37090;37780
10/07/2025;38080;38270;37630;37830
11/07/2025;37830;38220;37730;37880
14/07/2025;38080;38920;37880;38220
15/07/2025;38170;38320;37680;37680
16/07/2025;37480;37980;37430;37980
17/07/2025;38370;38370;37730;37880
18/07/2025;37880;38370;37580;37930
21/07/2025;38030;38220;37630;37680
22/07/2025;37630;38870;37580;38470
23/07/2025;38670;38770;38130;38270
24/07/2025;38570;39210;38270;38420
25/07/2025;38670;38670;38320;38420
28/07/2025;38670;39360;38470;38970
29/07/2025;39210;39210;36990;36990
30/07/2025;36990;38370;36890;37680
31/07/2025;38080;38080;37090;37430
01/08/2025;37430;37880;36690;36790
04/08/2025;36790;37830;36790;37630
05/08/2025;37980;39760;37780;38320
06/08/2025;38570;39460;38520;39070
07/08/2025;39260;40060;39070;40010
08/08/2025;40550;40550;38920;39260
11/08/2025;39560;40150;39160;39760
12/08/2025;40060;41490;40010;41040
13/08/2025;41340;41340;39860;40900
14/08/2025;41140;42180;40700;41690
15/08/2025;42130;42130;40250;40550
18/08/2025;40600;40850;40150;40350
19/08/2025;40450;41040;40250;40400
20/08/2025;40550;41390;39160;40250
21/08/2025;40550;42130;40450;41840
22/08/2025;41930;44600;41490;42770
25/08/2025;43420;43420;40550;40550
26/08/2025;40550;41390;40100;41340
27/08/2025;41690;44010;41390;42330
28/08/2025;42580;42770;41780;42030
29/08/2025;42230;43120;42030;42380
03/09/2025;42630;43420;41590;43020
04/09/2025;43270;43470;42680;42920
05/09/2025;43120;43120;41490;41490
08/09/2025;41240;41390;40200;40200
09/09/2025;40200;40550;39910;40200
10/09/2025;40250;40900;40100;40250
11/09/2025;40350;40350;39410;40200
12/09/2025;40350;40800;40350;40500
15/09/2025;40600;41740;40600;41740
16/09/2025;42030;42230;41540;41590
17/09/2025;41540;41930;40550;40550
18/09/2025;40550;40990;40100;40350
19/09/2025;40650;40750;39360;39360
22/09/2025;39760;40550;39160;40550
23/09/2025;40250;40450;40060;40400
24/09/2025;40400;40750;39760;40750
25/09/2025;40700;40700;40350;40450
26/09/2025;40350;40700;40100;40100
29/09/2025;39810;40100;39660;39860
30/09/2025;39760;40100;39160;39560
01/10/2025;39560;40200;39360;39610
02/10/2025;39710;40250;39560;39660
03/10/2025;39560;39710;39360;39360
06/10/2025;39860;40450;39610;40300
07/10/2025;40550;40550;40010;40060
08/10/2025;40450;40450;39810;40010
09/10/2025;40100;40500;39960;40350
10/10/2025;40450;41040;40450;40750
13/10/2025;40550;40700;40300;40450
14/10/2025;40600;40750;39600;39600
15/10/2025;39700;40150;39350;39350
16/10/2025;39350;39750;39200;39750
17/10/2025;39750;39800;39050;39050
20/10/2025;38950;39050;36500;36500
21/10/2025;36550;37500;36550;37050
22/10/2025;37500;37500;36500;37200
23/10/2025;37000;37450;36850;36900
24/10/2025;37000;37100;36200;36900
27/10/2025;36950;37200;36500;36500
28/10/2025;36600;37150;36600;37100
29/10/2025;37500;37900;37300;37800
30/10/2025;37950;38250;37600;37900
31/10/2025;38000;38000;37400;37400
03/11/2025;37600;37800;37100;37100
04/11/2025;37100;38000;36900;37900
05/11/2025;37600;38800;37600;38650
06/11/2025;38700;38900;38350;38500
07/11/2025;38350;38650;37450;37500
10/11/2025;37500;38000;37300;37400
11/11/2025;37600;38150;37600;38000
12/11/2025;38200;38400;37800;38250
13/11/2025;38250;38450;38000;38300
14/11/2025;38200;38500;38200;38350
